school,city,per student
360537,ירושלים,359093.33
358127,ירושלים,220848.6529
353706,בנימינה גבעת עדה,218266.4719
512491,הגליל התחתון,209832.762
620385,קרית שמונה,198231.8118
731182,מודיעין מכבים רעות,197215.423
120493,ירושלים,193121.9151
325969,חיפה,180250.9132
320457,חדרה,179548.6807
610287,חורה,175995.8992
641431,מרחבים,174209.644
384099,כפר קרע,166673.0882
620419,באר שבע,162152.6401
120287,ירושלים,161136.2195
228445,מג'אר,161089.7182
620260,ירושלים,159806.1358
228064,נצרת,159629.103
482034,לב השרון,157172.1974
223362,ירושלים,157123.5747
120212,ירושלים,155758.7441
620344,שדרות,153562.2623
520502,חולון,152216.5044
473991,טייבה,150780.9983
620476,ירושלים,148643.9318
131086,מטה יהודה,147393.1072
320390,חיפה,145704.2771
520890,תל אביב-יפו,144466.7233
220384,עפולה,143523.6482
421040,הוד השרון,143056.2495
120436,ירושלים,140226.5819
620252,אשדוד,140103.4758
620047,באר שבע,139971.2208
620526,אשדוד,139266.7956
421149,פתח תקוה,139246.875
520627,חולון,138660.5174
520056,הרצליה,138035.29
620302,ירושלים,137784.4453
520023,בת ים,136921.9354
620211,דימונה,136802.5721
421081,גדרה,136775.319
421032,רחובות,136690.9311
120428,ירושלים,136244.2443
525915,תל אביב-יפו,136173.2726
120014,מטה יהודה,135770.7656
620559,באר שבע,135452.7499
220491,מטה אשר,134652.0749
520635,תל אביב-יפו,134555.2579
146878,ירושלים,133838.3819
421115,ראשון לציון,133709.6819
220442,עכו,132765.1012
338012,ירושלים,132061.9695
627067,תל שבע,131581.8026
420356,פתח תקוה,130714.0955
620187,אשדוד,130396.3299
420539,ראש העין,130359.5041
520387,תל אביב-יפו,130295.1933
719740,אום אל-פחם,130070.3649
620112,אשקלון,128984.6022
620054,באר שבע,128321.0062
644054,אילת,127342.2094
220103,בית שאן,127083.1587
160374,מטה בנימין,126880.4305
620013,אשקלון,125508.2781
420083,נס ציונה,124289.9595
428078,כפר קאסם,123949.6457
420471,רחובות,123829.3982
620229,בית שמש,123771.2515
220533,מטה אשר,123422.9442
120006,ירושלים,122221.086
620104,באר שבע,121542.4063
456616,חוף השרון,120981.7828
120071,ירושלים,120011.7231
228288,עראבה,119981.2533
420513,ראש העין,119684.1341
228353,בעיינה-נג'יידאת,119286.8908
420828,ראשון לציון,119228.7862
733873,בני ברק,119148.749
384164,פרדס חנה-כרכור,118891.4808
420521,פתח תקוה,118829.6207
322040,טירת כרמל,118656.7692
128041,ירושלים,118606.5469
725689,פתח תקוה,117773.9134
120055,ירושלים,117676.2139
344036,חיפה,117608.6695
421107,לוד,117082.457
120121,ירושלים,116525.0293
526970,פתח תקוה,116434.2656
328070,ערערה,116381.7844
520221,תל אביב-יפו,116207.0551
520874,בני ברק,115996.7706
220376,טבריה,115863.3859
220426,כרמיאל,114971.3494
420174,דרום השרון,114966.7465
228361,כסרא-סמיע,114844.272
620443,ירושלים,114763.0104
228262,כפר מנדא,114395.9145
731935,נתניה,114023.9823
520585,בת ים,112941.142
328096,באקה אל-גרביה,112869.3873
428037,טירה,112838.5898
420414,הוד השרון,111197.455
520130,תל אביב-יפו,111186.2813
320523,חיפה,111157.7785
520304,ירושלים,110672.0063
320036,חיפה,109944.3783
420190,רמלה,109217.3929
424556,עראבה,108847.6568
220434,עמק המעיינות,108460.2443
228205,סח'נין,108415.0838
729418,ירושלים,108075.3752
420331,לוד,107400.4913
124024,ירושלים,107381.2382
228254,שפרעם,107334.9007
328039,אום אל-פחם,106890.9079
421172,חדרה,106858.5278
344465,חיפה,106267.9448
420224,נתניה,105788.6165
525923,חולון,105573.6234
132019,ירושלים,105267.5873
620427,מרחבים,104388.5258
420257,רעננה,104006.6346
620393,ירושלים,103893.0829
267476,מג'ד אל-כרום,103527.5831
475616,מודיעין עילית,102903.7761
338061,ירושלים,102626.5426
220202,עפולה,102237.8829
420463,מעלה אדומים,101608.7565
228379,אבו סנאן,101506.1585
627042,תל שבע,101080.0262
220046,קרית שמונה,100954.2237
421123,רעננה,100086.9212
328161,חיפה,100060.3638
228015,נצרת,99942.49774
338079,ירושלים,99924.41543
313569,רכסים,99906.84589
530741,בני ברק,99603.40886
470815,ירושלים,99579.37677
520205,תל אביב-יפו,99210.06158
644146,אשדוד,99160.04927
220525,משגב,98917.09018
544056,תל אביב-יפו,98654.73499
228296,ג'דיידה-מכר,98154.95023
526889,רמת גן,97979.50372
410480,ירכא,97670.32491
620369,אשקלון,97641.33761
411777,בית שמש,97308.82585
421099,גדרה,96639.79332
328088,חיפה,96102.26505
228346,ירכא,95948.64534
384123,פרדס חנה-כרכור,95762.41389
220020,נהריה,94708.6008
320580,זבולון,94623.24359
244632,נוף הגליל,94551.39507
620328,אשדוד,94548.98978
627018,כסיפה,94067.18055
620153,אשדוד,93259.10745
420109,נתניה,93000.33845
627000,רהט,92793.46637
620088,קרית מלאכי,92507.38494
320432,חדרה,92439.58976
620278,גבעת זאב,92134.97418
428011,טייבה,91679.15625
610360,נווה מדבר,91104.203
338731,אום אל-פחם,91067.09992
640219,אופקים,90304.33284
120543,ירושלים,90154.08554
420158,ראשון לציון,89976.45925
420364,ראשון לציון,89840.66321
420067,כפר סבא,89231.77067
320531,קרית אתא,88584.01042
120154,ירושלים,88446.14864
447474,עין מאה'ל,88309.19894
359034,מג'ד אל-כרום,88184.50684
168054,גוש עציון,88143.84007
627026,ערערה בנגב,88051.72253
442350,עמק חפר,87861.78436
160754,ירושלים,87513.96295
420059,מבואות החרמון,87133.0589
320515,זבולון,87026.92624
128033,ירושלים,86959.09608
620336,באר שבע,86035.51373
165845,ירושלים,85921.6673
771287,עכו,85808.33134
420307,לוד,85651.6101
367748,מנשה,85582.87242
338202,מודיעין עילית,85448.85305
420968,ראשון לציון,85347.74058
428086,טירה,85125.35931
627034,רהט,85094.73412
525089,בני ברק,85092.71274
175448,בית שמש,84972.67266
228122,נצרת,84672.11716
618686,חורה,84606.91662
640144,אל קסום,84584.68921
421180,גזר,84521.02983
722272,בית שמש,84339.37336
844043,הגלבוע,84274.5544
228247,נצרת,83492.54074
566943,חולון,83243.4894
228130,טמרה,83179.25294
344028,חיפה,82994.86767
228312,כפר כנא,82852.20148
444141,פתח תקוה,82422.17108
120113,ירושלים,82220.6823
220038,עכו,82196.42993
228577,טמרה,81888.00328
220459,צפת,81779.87294
741140,גזר,81600.613
320440,פרדס חנה-כרכור,81586.49864
195958,ירושלים,81547.30283
455147,ירושלים,81305.7236
244137,נהריה,80990.78758
725390,רהט,80880.30364
347153,ירכא,80826.00041
428029,טירה,80226.11696
620062,אשקלון,79820.2357
268029,אבו גוש,79576.91795
520593,בני ברק,79361.51329
197723,מבשרת ציון,79231.64354
620377,אשקלון,78531.91901
359174,אכסאל,78475.69297
475780,ירושלים,77956.25063
723486,זבולון,77734.24151
195412,ירושלים,77687.59491
320556,קרית אתא,77548.94225
644211,באר שבע,77387.81214
220129,עפולה,77226.20622
444372,פתח תקוה,77202.35094
420505,רמלה,77072.89103
267211,כפר כנא,76520.61028
475848,בני ברק,76402.26184
320317,זכרון יעקב,76209.23632
120527,ירושלים,76044.31497
420208,שומרון,75369.88558
425900,ראשון לציון,75137.75072
620435,אופקים,75094.72944
420745,אבו גוש,74867.21128
442012,חבל מודיעין,74816.78428
228163,אעבלין,74462.76725
144568,ירושלים,74393.84396
128017,ירושלים,74099.68923
520072,חולון,73687.08745
266809,מודיעין מכבים רעות,73686.84539
442400,פתח תקוה,73514.8105
420950,רעננה,73422.95178
420786,עמק חפר,73150.44165
280016,עמק יזרעאל,72542.97108
520296,בני ברק,71881.84863
162016,ירושלים,71390.74838
442905,כפר סבא,71253.78535
344044,חיפה,71094.38334
526921,בת ים,70577.49795
480004,עמק חפר,70062.60011
420141,עפולה,68862.47238
320150,זבולון,67704.37846
770230,עמק חפר,66737.07151
195404,ירושלים,66610.69524
228635,נצרת,66311.25101
770214,עמק חפר,66280.99642
520171,תל אביב-יפו,65660.44951
480129,עמק חפר,65514.10543
503631,תל אביב-יפו,65245.94414
640441,משגב,64695.41119
525113,בני ברק,63949.74236
359182,אכסאל,63944.70856
320598,מנשה,63891.31482
420133,באר יעקב,63799.32516
328179,ירושלים,63752.68067
520288,תל אביב-יפו,63651.72341
120030,ירושלים,63621.89199
228494,אכסאל,63291.58925
270223,הגליל התחתון,63078.79048
571141,חולון,62499.097
719591,גולן,62194.29945
731687,רמת גן,61899.13845
620567,אשדוד,61840.98959
523431,ירושלים,61768.622
230821,טבריה,61046.03182
520619,בת ים,60939.17616
540427,בני ברק,60782.75274
221937,נהריה,60749.16613
170407,ירושלים,60605.52469
374751,פוריידיס,60198.33932
470302,רחובות,60019.64891
239863,בית שמש,58684.63253
520270,ירושלים,58676.81837
120485,ירושלים,58632.66721
228338,ירכא,58440.16343
630160,באר שבע,58249.35352
670828,יואב,58059.33746
470211,עמק חפר,57992.3647
570085,תל אביב-יפו,57716.07299
520148,ביתר עילית,57579.6982
240804,קרית שמונה,57359.45756
344085,קרית טבעון,56915.1903
240655,גולן,56716.6356
571125,הרצליה,56604.76531
421131,פתח תקוה,56456.94286
120238,מטה יהודה,56142.80305
420265,נס ציונה,56136.09723
420547,נתניה,56101.93874
731190,מודיעין עילית,55923.806
460410,קדומים,55330.16141
420638,ירושלים,55250.72747
338624,ירושלים,54864.45488
132241,ירושלים,54523.83656
370262,אור עקיבא,54391.87698
420620,ביתר עילית,54272.89397
734855,חיפה,54073.19
961003,עמק המעיינות,53707.76431
541052,בני ברק,53608.08558
270249,טבריה,53535.38746
630764,אשדוד,53535.3714
520346,נצרת,53483.48797
162628,ירושלים,53404.17403
240622,גולן,53347.30352
225300,כרמיאל,53251.57039
620351,אשקלון,53084.1317
520767,בני ברק,52784.76337
228650,מג'ד אל-כרום,52752.9932
711762,ירושלים,52335.81068
338046,כפר קרע,51947.21266
741165,זכרון יעקב,51929.354
723502,זבולון,51547.95667
165118,ירושלים,51519.94964
422097,מטה יהודה,51185.12326
480012,רעננה,51007.92827
370155,חוף הכרמל,50807.96636
431171,לוד,50758.81437
515486,בני ברק,50347.92887
247361,אבו סנאן,50332.32933
431189,נתניה,50016.01175
244566,מרום הגליל,49966.86132
331017,עמק יזרעאל,49841.55231
431205,נתניה,49839.46821
370486,חדרה,49694.21834
499756,בית שמש,49673.57005
521203,פתח תקוה,49509.18236
380048,זבולון,49437.47737
841247,גולן,49102.7014
520353,טמרה,49038.85729
610170,אילת,49021.82029
570580,תל אביב-יפו,49001.17887
630095,אשקלון,48870.8937
641308,אשדוד,48089.64638
470013,מטה יהודה,48070.24256
370569,נהריה,48049.28705
141291,מטה בנימין,47999.04928
362251,מודיעין עילית,47650.69986
348102,אום אל-פחם,47575.29067
541862,בני ברק,47485.64618
533208,תל אביב-יפו,47446.52796
540245,בני ברק,47353.30052
480020,פתח תקוה,46962.89326
641001,אופקים,46848.12447
344515,חדרה,46658.83302
170514,ירושלים,46647.18042
716423,ירושלים,46594.84566
641241,אשקלון,46560.70458
144212,קרית ארבע,46507.46325
519116,רחובות,46502.24083
442723,ירושלים,46355.22841
520858,תל אביב-יפו,45661.74507
370023,זבולון,45379.54086
470641,לוד,45360.19247
729574,נתניה,45257.90842
270280,מרום הגליל,45109.48234
470534,פתח תקוה,44999.09483
339408,כרמיאל,44882.5032
770388,כפר סבא,44853.93424
228569,אעבלין,44716.13612
370080,חוף הכרמל,44629.72501
640375,הר חברון,44603.09621
170456,ירושלים,44576.25792
412197,ירושלים,44517.13875
770834,ירושלים,44343.51418
441857,שומרון,44331.16484
277020,משהד,44201.77739
240820,מטה אשר,43925.645
470526,הוד השרון,43912.16452
455931,פתח תקוה,43888.57527
603555,שדות דן,43710.93693
340356,חדרה,43703.5955
372896,נצרת,43702.35508
240796,טבריה,43654.69084
480061,גן רוה,43587.21177
470088,פתח תקוה,43439.04645
570176,בני ברק,43392.9147
715219,ירושלים,43186.59579
718965,בקעת הירדן,43027.93931
431254,רמלה,42850.01124
170175,ירושלים,42816.03938
240630,גולן,42795.83449
420273,אלעד,42657.58836
338038,ירושלים,42604.98469
338418,בית שמש,42459.15552
177287,ירושלים,42456.43004
144196,ביתר עילית,42375.24481
340273,חדרה,42272.42355
120477,ירושלים,42268.67553
142174,אפרתה,42172.24371
442657,ירושלים,42145.15309
270033,עכו,42115.0373
244103,כרמיאל,41992.39404
670562,קרית מלאכי,41854.41213
520601,רמת גן,41691.27858
541367,בני ברק,41686.79956
729285,קרית גת,41547.48728
441220,שומרון,41475.86095
570945,חולון,41429.31801
142265,הר חברון,41357.55885
660092,אשקלון,41306.1899
270470,בית שאן,41214.30773
522482,ירושלים,41142.73408
420372,עמק חפר,41094.3935
770784,חצור הגלילית,41088.86872
460097,אפרתה,41023.90446
160549,מעלה אדומים,41005.60682
725580,ירושלים,40949.48088
713594,עמק המעיינות,40913.88874
519108,רמלה,40889.96533
260133,עמק המעיינות,40855.93546
226670,בית שמש,40831.28137
680108,שדות נגב עזתה,40689.12852
338830,אלעד,40506.07787
144758,ירושלים,40491.81576
718189,רמת נגב,40482.91455
541979,אור יהודה,40435.81088
370551,ירושלים,40232.92677
519124,דימונה,40227.70994
860353,גולן,40125.13366
444034,חוף השרון,40037.43991
570705,תל אביב-יפו,39960.0708
620096,אשדוד,39942.40824
470146,עמק חפר,39850.33872
160598,ירושלים,39842.14021
640136,אשדוד,39834.47322
120105,ירושלים,39804.1173
247320,אום אל-פחם,39745.59269
575001,שפרעם,39716.16959
640102,אופקים,39715.63927
660175,אילת,39714.71453
420976,חוף השרון,39706.07778
611483,תל אביב-יפו,39581.70764
420497,יפיע,39375.45733
640623,קרית גת,39300.57227
641118,באר שבע,39244.02978
370833,קרית אתא,39191.63708
615773,אופקים,39147.9228
240051,עפולה,39067.2473
240218,קרית שמונה,39046.02959
240457,גולן,39045.7713
140251,מבשרת ציון,38984.94236
729293,ערד,38936.77967
349928,כפר ורדים,38931.88903
718056,ירושלים,38837.81731
620146,שפיר,38820.75126
520155,ביתר עילית,38646.13041
430272,פתח תקוה,38641.5819
644781,נתיבות,38596.72704
370254,טירת כרמל,38566.66637
470542,ראשון לציון,38532.50999
670331,אשדוד,38466.43246
140525,ירושלים,38285.1046
470849,רחובות,38249.77102
440594,מודיעין מכבים רעות,38122.77039
141499,ירושלים,38056.5746
470377,יבנה,37958.09078
430629,רחובות,37921.81474
240499,קצרין,37697.35013
580027,מקווה ישראל,37683.8518
670208,אילת,37611.3431
570069,תל אביב-יפו,37600.16717
370403,חיפה,37538.67586
360149,מנשה,37467.29935
340042,קרית ים,37414.02499
640474,אשדוד,37380.07715
770727,ירושלים,37195.33523
140202,בית שמש,37141.75288
741033,הערבה התיכונה,37085.65261
384008,קרית מוצקין,37037.02516
670323,אשדוד,37019.81364
731901,ביתר עילית,36908.47074
540377,בני ברק,36887.9843
508093,אור יהודה,36774.10078
611475,מטה בנימין,36642.04976
141309,ירושלים,36560.30465
359067,ירושלים,36538.81249
729053,מגדל העמק,36495.95808
240036,עכו,36441.29899
770768,ירוחם,36406.13107
480087,ראשון לציון,36392.82374
441949,רמלה,36346.7416
521427,דאלית אל-כרמל,36325.15366
270157,בית שאן,36225.35185
340711,רכסים,36219.87586
421198,ראשון לציון,36194.80189
441618,לוד,36142.59263
140269,ירושלים,36133.30266
344580,חיפה,36131.54365
320200,מנשה,36110.88985
519223,כרמיאל,35995.69731
640243,דימונה,35987.09924
644542,נתיבות,35938.85977
585851,עכו,35913.24799
770602,חבל אילות,35858.94489
541565,בני ברק,35688.06377
770222,בני ברק,35654.03321
240440,מעלה אפרים,35559.26656
170043,ירושלים,35555.31202
140277,ירושלים,35543.86126
455188,פתח תקוה,35497.10561
422592,מג'ד אל-כרום,35403.6644
234021,מטה בנימין,35390.57464
144428,מעלה אדומים,35355.34139
648170,נווה מדבר,35328.33416
260240,מטה אשר,35298.83005
260497,מעלה אדומים,35224.56635
771030,מגדל העמק,35043.60776
240812,הגליל התחתון,35017.10273
370312,קרית ביאליק,35005.4035
142166,מטה בנימין,34946.37667
670232,שדרות,34717.48668
442897,קרית שמונה,34715.01139
460253,טמרה,34685.33698
770776,חצור הגלילית,34611.48832
680066,באר טוביה,34571.30305
444364,רחובות,34521.31967
640490,מצפה רמון,34443.63378
344150,חיפה,34426.56953
670414,קרית מלאכי,34400.54911
713743,בקעת הירדן,34218.14137
142281,מטה בנימין,34118.39873
346932,מטה בנימין,34110.66843
470021,רחובות,33980.51158
540187,תל אביב-יפו,33970.62726
140608,ירושלים,33953.90564
540518,תל אביב-יפו,33801.89471
278184,נצרת,33798.57008
640177,באר שבע,33742.49335
140764,אפרתה,33682.70952
260232,הגליל העליון,33631.63684
640649,חוף אשקלון,33622.39802
176057,ירושלים,33548.84545
472555,פתח תקוה,33542.11219
353581,צפת,33537.17366
358648,ירושלים,33421.96007
244624,בית שאן,33409.34363
541656,אור יהודה,33391.43331
510008,אור יהודה,33389.73462
480145,חבל מודיעין,33354.38031
338541,חדרה,33344.32774
141382,ירושלים,33343.31834
725382,קרית מלאכי,33324.34846
140665,קרית ארבע,33323.2928
162057,ירושלים,33319.59881
440206,באר יעקב,33317.78114
640508,ערד,33300.82109
140962,ירושלים,33278.26018
480038,פתח תקוה,33252.1619
470070,פתח תקוה,33246.28861
680033,חוף אשקלון,33243.05078
240697,מגדל העמק,33241.35399
471995,ירושלים,33196.767
141739,בית אל,33190.3591
640151,שדות נגב עזתה,33063.81958
641258,אשקלון,33060.94443
338616,מעלה אדומים,33050.10586
170282,ירושלים,33046.52062
342170,אור עקיבא,32986.2349
440560,חבל יבנה,32923.5569
140848,בית שמש,32867.70052
140871,ירושלים,32852.87955
520262,גבעתיים,32739.0171
640185,שפיר,32715.03359
440073,ראשון לציון,32703.4362
442442,גן רוה,32676.05234
340554,זכרון יעקב,32657.29765
240234,צפת,32654.78479
571158,בת ים,32577.78933
641316,שדות נגב עזתה,32546.26523
860361,עמק הירדן,32473.80367
540039,תל אביב-יפו,32443.54922
410076,יבנה,32438.2567
240465,מעלות-תרשיחא,32429.17567
140038,ירושלים,32345.02761
380022,חוף הכרמל,32299.41903
640078,אשקלון,32238.9998
440362,רחובות,32154.78911
160457,ירושלים,32119.46931
141754,ירושלים,32029.85829
261065,עמק הירדן,31837.12549
640409,קרית גת,31792.09933
441899,נתניה,31733.82949
420240,פתח תקוה,31668.20875
440495,ראש העין,31663.85816
544692,חולון,31633.34394
140913,גוש עציון,31560.18758
144766,מטה בנימין,31516.31133
174391,ירושלים,31508.02956
140970,מטה בנימין,31438.77946
244384,טבריה,31382.74183
247296,ינוח-ג'ת,31314.52004
430678,יבנה,31311.04917
140095,ירושלים,31295.91426
560441,ירושלים,31282.05194
520098,הרצליה,31266.14014
685586,אל קסום,31254.94084
711564,ביתר עילית,31247.79948
353441,נצרת,31188.70377
520411,בית שמש,31144.24434
841213,שדות נגב עזתה,31132.49072
641464,ירושלים,31052.44414
634113,הר חברון,30983.60044
560508,גוש עציון,30970.23484
640631,קרית מלאכי,30970.15233
640656,קרית גת,30951.82569
560722,ירושלים,30886.47525
144592,ירושלים,30879.04599
524157,גן יבנה,30830.1054
640425,נתיבות,30815.50992
260125,מטה אשר,30793.9041
542076,בת ים,30788.01823
441824,לוד,30756.21645
344473,קרית אתא,30748.74662
288134,גני תקוה,30746.41117
244368,כרמיאל,30740.48116
614321,דימונה,30712.86833
440933,עמנואל,30647.90357
344234,עספיא,30613.32479
440297,פתח תקוה,30595.78244
278051,עין מאה'ל,30580.08471
440321,עמק חפר,30578.94993
442244,פתח תקוה,30564.82218
362103,מודיעין עילית,30549.55942
278176,נחף,30540.75835
360222,זבולון,30444.14271
330266,קרית ים,30364.37444
641332,דימונה,30349.23625
670299,באר שבע,30311.05448
240358,מגדל העמק,30301.97657
644807,נתיבות,30299.27027
140731,ירושלים,30285.74423
227694,שלומי,30269.6982
214007,עפולה,30152.57461
144600,בית שמש,30127.04001
191031,מגילות ים המלח,30114.59375
540898,תל אביב-יפו,30057.14168
560524,מטה יהודה,30047.09187
460725,דרום השרון,30032.30229
240093,טבריה,29971.85391
170035,ירושלים,29958.8637
178079,ירושלים,29915.56518
240077,נוף הגליל,29879.28113
771105,תמר,29874.54023
141168,ירושלים,29864.37047
240127,בית שאן,29853.17943
340240,חיפה,29845.65297
260059,עמק המעיינות,29816.96831
640045,באר שבע,29806.64103
476796,ביתר עילית,29798.73152
641233,ירוחם,29761.06375
240085,נהריה,29747.37047
348185,ג'ת,29735.34312
644666,דימונה,29730.61073
640532,שפיר,29717.93617
160580,גוש עציון,29715.11384
530683,הרצליה,29701.28825
344101,חיפה,29643.96943
542035,תל אביב-יפו,29563.36323
770495,ירושלים,29533.29282
340380,קרית מוצקין,29529.08671
270801,צפת,29521.13467
240192,מגדל העמק,29478.77815
640029,קרית גת,29475.87034
244517,מגדל העמק,29471.02803
641324,ירוחם,29427.84757
141028,גוש עציון,29381.00168
340018,חיפה,29242.03754
540161,תל אביב-יפו,29203.35349
280115,הגליל העליון,29192.05187
144691,ירושלים,29182.43369
170092,ירושלים,29162.06333
644849,באר שבע,29160.99383
140046,ירושלים,29159.51147
440487,אשדוד,29109.67164
442426,פתח תקוה,29107.8298
199919,ירושלים,29061.60576
248831,מג'ד אל-כרום,29058.43642
530287,תל אביב-יפו,29054.81495
141010,ירושלים,29048.02227
278234,מג'ד אל-כרום,29032.20153
640235,קרית גת,29009.5138
444943,יהוד נווה אפרים,28990.88577
141390,ירושלים,28970.13189
540369,בת ים,28970.07285
340125,קרית אתא,28968.68388
644328,באר שבע,28952.77539
430314,ראש העין,28918.43439
471037,לוד,28895.13651
270025,צפת,28888.48062
142034,בית שמש,28834.89243
140491,ירושלים,28832.6832
770057,אופקים,28820.80134
470138,הוד השרון,28819.91163
244111,מעלות-תרשיחא,28819.7897
338384,פרדס חנה-כרכור,28798.22642
441865,פתח תקוה,28754.55527
378042,כפר קרע,28741.77776
176487,ירושלים,28683.43728
508101,אור יהודה,28656.6722
142372,ירושלים,28642.39618
280032,עפולה,28635.64625
441063,שדות דן,28635.56296
238014,נצרת,28479.36689
278044,שפרעם,28457.83889
441378,רמלה,28433.53806
441667,כפר סבא,28417.20324
480178,באר יעקב,28408.16319
640318,שדרות,28394.04114
460642,רמלה,28388.05842
670422,קרית מלאכי,28371.85063
660498,הערבה התיכונה,28346.43279
470583,פתח תקוה,28314.59349
540328,הרצליה,28266.29847
644823,אשדוד,28263.96591
280065,הגליל התחתון,28202.9388
640680,קרית מלאכי,28201.48561
160242,ירושלים,28193.42841
519090,ערערה בנגב,28183.60662
140087,ירושלים,28181.84706
550004,אשכול,28175.67099
141994,ירושלים,28173.62173
244210,טבריה,28169.93429
168419,ירושלים,28135.35028
238527,בית שמש,28124.80818
541680,בני ברק,28110.28945
260489,מעלה יוסף,28106.05292
460691,מעלות-תרשיחא,28100.54753
770552,באר שבע,28096.11273
644708,באר שבע,28070.76255
440925,אריאל,28026.34556
460576,לוד,28005.12257
442434,אלעד,27963.55631
340232,חיפה,27940.77241
800003,זמר,27936.82497
248740,טמרה,27910.15371
641399,קרית גת,27905.96508
770859,עכו,27905.45875
140137,ירושלים,27903.73904
240010,קרית שמונה,27876.75911
340109,מנשה,27874.62038
540120,תל אביב-יפו,27850.98825
660324,אשכול,27770.35273
288019,ראמה,27765.04192
640128,אשדוד,27761.00766
348334,פוריידיס,27744.65825
541268,רמת גן,27739.95145
180034,מטה יהודה,27731.46354
540674,בת ים,27728.02891
519363,ירכא,27727.60392
340737,חיפה,27692.99524
571174,בת ים,27647.72876
244343,משגב,27639.9573
353599,בית שמש,27639.28468
420448,כפר סבא,27618.62401
721175,בית שמש,27545.69975
441972,כפר סבא,27516.15049
278275,טמרה,27506.73213
230276,מגדל העמק,27505.44
193185,בית שמש,27458.14857
544700,חולון,27445.83669
541169,הרצליה,27442.88439
225128,מבואות החרמון,27438.49073
741280,ירושלים,27392.8125
240176,עמק יזרעאל,27390.46256
140889,קרית ארבע,27320.02032
160416,ירושלים,27312.69233
442384,רעננה,27279.91105
540294,חולון,27263.10694
247213,סאג'ור,27255.43605
640482,אשדוד,27252.50997
328062,אום אל-פחם,27213.58421
460667,בית שמש,27211.43276
186908,מטה בנימין,27193.42393
160648,ירושלים,27175.89771
378075,חיפה,27163.30975
247072,עילבון,27158.87482
644344,קרית גת,27155.30958
248088,טמרה,27148.84573
770750,חולון,27121.3203
378117,ראמה,27110.59278
171017,ירושלים,27100.70153
344598,אור עקיבא,27063.09017
640227,ערד,27042.11765
440446,ירושלים,27033.8335
247098,גוש חלב,27023.96791
570713,בת ים,27004.41984
248419,פקיעין - בוקייעה,26979.61645
719724,חדרה,26968.20101
374199,ג'סר א-זרקא,26966.14911
248062,מעלות-תרשיחא,26952.00187
141176,מעלה אדומים,26926.65043
144220,ירושלים,26926.26421
540385,בני ברק,26917.06665
540690,תל אביב-יפו,26871.31363
641415,ירושלים,26843.04485
247817,מסעדה,26810.80131
420166,רחובות,26757.56951
430488,כפר סבא,26707.02732
470591,פתח תקוה,26684.29298
460436,ירושלים,26682.12436
470187,נתניה,26655.61026
244285,כרמיאל,26653.79593
242073,נוף הגליל,26648.92672
541789,קרית אונו,26629.3904
640003,אשדוד,26618.48964
476903,בית שמש,26615.28722
141101,מטה בנימין,26611.44437
441832,פתח תקוה,26583.98613
660084,חוף אשקלון,26575.52077
340653,חדרה,26571.46178
640052,אילת,26543.29011
344440,אור עקיבא,26522.25185
800086,כפר קאסם,26517.90478
641084,באר שבע,26497.64524
470047,רמלה,26481.90181
542027,אור יהודה,26436.12572
470112,כפר סבא,26402.99475
249094,כאבול,26370.40435
640391,אשכול,26355.91029
770941,רמת נגב,26329.31536
144337,בית אל,26326.54373
260307,הגליל העליון,26320.44188
540534,רמת גן,26305.48565
248013,כפר יאסיף,26296.46276
540179,תל אביב-יפו,26292.89938
641142,באר שבע,26263.61346
440909,קדומים,26260.61601
344200,חדרה,26250.46535
571224,בת ים,26223.22419
444026,גדרה,26211.94644
541532,חולון,26203.35794
739045,פרדס חנה-כרכור,26195.3155
340174,חיפה,26190.37457
670067,אשקלון,26172.2692
247387,ירכא,26165.40942
453605,נתניה,26160.93074
640193,באר שבע,26148.06576
248328,יפיע,26126.71141
644435,מצפה רמון,26066.83617
160259,ירושלים,26064.10978
560250,בית שמש,26062.71679
347054,דאלית אל-כרמל,26056.04699
660365,שדות נגב עזתה,26009.14636
640821,אשדוד,26008.92959
140129,ירושלים,26001.32945
441584,לוד,25968.2329
471029,נתניה,25964.60865
140863,מעלה אדומים,25962.76512
440040,רחובות,25946.50589
520395,תל אביב-יפו,25899.90086
340091,נשר,25886.33854
240739,צפת,25882.18447
560094,תל אביב-יפו,25868.74509
441212,נתניה,25853.29159
544577,תל אביב-יפו,25821.77075
660332,ירושלים,25799.59411
249250,טובא-זנגריה,25793.30422
370304,פרדס חנה-כרכור,25789.89197
140160,ירושלים,25789.35562
270041,עפולה,25763.98216
640060,אשקלון,25763.30697
640086,דימונה,25759.66632
442368,רחובות,25748.01009
770875,ירושלים,25717.50381
471011,נתניה,25696.03615
244228,עפולה,25662.35733
442418,נתניה,25657.13831
670836,באר שבע,25656.28546
841155,כפר קמא,25630.27558
230284,צפת,25626.57316
340034,קרית מוצקין,25609.85357
615948,ירושלים,25591.7274
441808,רעננה,25590.47077
630905,אשדוד,25580.55155
544668,בת ים,25560.27199
441980,שומרון,25539.22964
644492,אילת,25532.76661
344093,חיפה,25522.08293
620534,באר שבע,25516.51563
470120,לוד,25510.32321
140145,ירושלים,25504.0803
249110,בענה,25454.58687
370122,טירת כרמל,25449.07051
347088,כפר קרע,25422.92872
499624,עכו,25401.41498
440990,ראש העין,25395.33129
238121,בית שמש,25360.41491
260331,מטה אשר,25340.29572
640383,קרית גת,25340.14428
278028,עכו,25338.78997
340596,חדרה,25338.39435
640581,אשדוד,25336.06887
246983,מגדל העמק,25309.71571
248260,בענה,25303.10109
715920,קצרין,25268.35511
260067,הגליל העליון,25238.38425
660126,שער הנגב,25236.92117
441923,פתח תקוה,25178.02966
440016,רחובות,25162.95999
380055,חוף הכרמל,25158.20057
570051,תל אביב-יפו,25142.6208
440024,רעננה,25127.33354
548032,תל אביב-יפו,25114.75609
444612,לוד,25114.46334
374249,זכרון יעקב,25067.68343
441238,כפר סבא,25065.21402
340166,חיפה,25060.18344
270140,יקנעם עילית,25057.65822
249193,חורפיש,25047.9708
570192,הרצליה,25039.89944
641365,אשכול,25037.28033
348011,באקה אל-גרביה,25012.08007
540138,בני ברק,24979.8721
240267,טבריה,24974.37556
499806,מגדל העמק,24936.69422
442376,רעננה,24926.79503
234013,עכו,24876.5861
340612,חיפה,24865.8115
800052,סח'נין,24849.6951
340133,חיפה,24843.79266
247221,מטה אשר,24833.59107
440131,נתניה,24830.43493
771089,ירושלים,24828.59117
360040,מנשה,24825.42545
644443,אשקלון,24811.80377
444562,רעננה,24810.33232
644690,אילת,24788.27628
540153,תל אביב-יפו,24749.26316
244269,מגדל העמק,24744.87599
441436,פתח תקוה,24741.79812
470443,עמק חפר,24705.89404
247205,ריינה,24693.03781
770503,נתיבות,24682.59665
420554,טירה,24647.02412
440370,רעננה,24643.49916
441592,מטה בנימין,24628.37558
541805,רמת השרון,24615.66749
540302,חולון,24604.19412
440214,שדות דן,24603.29083
570077,תל אביב-יפו,24590.05278
140079,ירושלים,24554.37144
238022,שפרעם,24550.73056
340059,קרית טבעון,24550.26153
440982,ראשון לציון,24519.52469
240838,נוף הגליל,24510.99737
214098,נהריה,24492.20842
444646,ראשון לציון,24481.10153
660274,בני שמעון,24477.59346
544395,הרצליה,24447.96767
247882,שבלי-אום אל-גנם,24436.85478
180018,מטה יהודה,24422.65385
248336,כסרא-סמיע,24409.99693
470054,רחובות,24366.95708
440958,קרני שומרון,24343.76656
477091,ירושלים,24332.98623
440677,ירושלים,24317.21293
440339,חבל מודיעין,24315.12185
448027,טירה,24313.23017
340117,קרית אתא,24310.53491
440917,ראשון לציון,24255.3348
644369,אשדוד,24222.76582
320119,חיפה,24204.64273
711648,טבריה,24195.16252
570358,הרצליה,24189.20205
170803,מעלה אדומים,24151.51736
248823,מעיליא,24150.22691
140806,ירושלים,24144.00814
648097,לקיה,24134.02497
344572,קרית מוצקין,24122.1155
442319,נחל שורק,24108.32788
366872,ירושלים,24102.67019
444653,יבנה,24090.03169
141549,ירושלים,24046.69886
280057,עמק יזרעאל,24034.9582
142232,ביתר עילית,24027.06272
770305,גזר,24017.59937
521476,מטה בנימין,24014.67642
440883,אלקנה,24012.32557
441105,חבל מודיעין,24009.64573
444679,רעננה,23984.33873
441014,רחובות,23978.81955
444117,כפר סבא,23962.09166
440289,יהוד נווה אפרים,23956.33515
541466,תל אביב-יפו,23954.90244
540286,קרית אונו,23947.95267
270298,נהריה,23939.53409
248021,נצרת,23917.52036
140434,ירושלים,23907.15089
448266,טירה,23904.96003
249318,עג'ר,23903.52642
440545,רמלה,23903.03564
260109,מגידו,23896.96209
771071,ראשון לציון,23890.11615
144501,מבשרת ציון,23888.44607
718999,יבנה,23887.94192
640730,ערד,23875.85203
448076,קלנסווה,23865.04958
347013,חיפה,23859.01003
248575,עראבה,23816.73381
384370,זכרון יעקב,23802.06695
441337,שוהם,23767.15988
770990,מרחבים,23764.11373
540393,בני ברק,23753.29164
471045,ברנר,23752.77462
248070,שפרעם,23751.26007
640672,אשדוד,23739.5373
140939,מטה בנימין,23725.33568
148080,אבו גוש,23717.50571
344416,קרית ים,23673.27172
141978,ירושלים,23653.74215
278267,ג'דיידה-מכר,23653.63301
370494,"בסמ""ה",23649.0615
460154,נחל שורק,23639.67437
440479,שדות דן,23631.9729
360503,ירושלים,23631.25957
644526,באר שבע,23617.24837
160432,בית שמש,23572.20639
240572,עמק יזרעאל,23527.05938
644062,דימונה,23517.71232
347070,אום אל-פחם,23506.95249
248674,בסמת טבעון,23500.76528
540344,גבעתיים,23494.18865
278010,נצרת,23472.69364
440115,נתניה,23460.01518
560516,בית אל,23450.94139
770412,אשדוד,23436.23707
442020,נתניה,23428.90441
570135,רמת גן,23396.29168
440354,קלנסווה,23391.46063
770461,אשדוד,23374.5368
455477,בית שמש,23341.52701
800136,מג'אר,23332.67696
442343,פתח תקוה,23299.40577
440941,כפר סבא,23296.80933
580035,מקווה ישראל,23286.15681
249052,נצרת,23285.16188
455162,הר חברון,23279.56576
770073,חוף הכרמל,23263.51346
248583,מג'ד אל-כרום,23260.24056
440347,נתניה,23251.76603
248757,ג'דיידה-מכר,23230.67818
648154,חורה,23210.47429
440388,כפר סבא,23173.31102
260091,הגלבוע,23173.21875
648279,נווה מדבר,23172.53973
770586,בת ים,23157.70621
140772,ירושלים,23152.63581
800037,כסיפה,23148.53166
348037,אום אל-פחם,23147.50865
442715,נוף הגליל,23146.72178
420042,עפולה,23143.17849
660266,חוף אשקלון,23132.70681
348250,אום אל-פחם,23126.60858
144717,מודיעין מכבים רעות,23122.64792
189076,ירושלים,23108.86818
247015,עכו,23096.53939
416362,פתח תקוה,23094.63282
344333,נשר,23088.28796
140186,ירושלים,23067.58229
440255,נתניה,23065.78856
560268,מטה בנימין,23046.72665
244483,כפר ורדים,23036.22605
247858,מג'דל שמס,23014.39736
360123,מנשה,22997.79577
441196,לוד,22977.36657
540849,בני ברק,22977.32847
460113,חבל יבנה,22965.32992
482166,שומרון,22939.34045
570044,תל אביב-יפו,22935.10735
247031,נצרת,22919.25181
444836,גן יבנה,22911.59335
442780,מודיעין מכבים רעות,22873.11535
248179,בית ג'ן,22847.77945
640771,באר שבע,22845.06686
244616,עכו,22844.1444
189092,מודיעין עילית,22808.94843
733584,עמק יזרעאל,22808.25288
770065,ברנר,22801.71246
240721,צפת,22768.62776
448340,כפר ברא,22766.25457
680082,שפיר,22759.51188
644559,אשקלון,22752.96522
460626,יפיע,22744.78915
800060,ירכא,22743.42109
770453,רחובות,22731.77071
247163,דיר חנא,22718.75411
189001,אלעד,22704.65194
248443,נחף,22695.92971
441261,כפר סבא,22686.48136
249219,בוקעאתה,22681.57884
244152,נהריה,22672.97316
770826,באר שבע,22650.2973
450270,מודיעין מכבים רעות,22649.3053
640458,מזרעה,22626.9029
140061,ירושלים,22614.70967
644732,קרית גת,22610.04772
644294,אשקלון,22607.7719
410225,צורן קדימה,22596.52108
440081,פתח תקוה,22564.43971
644831,אשקלון,22558.30132
640037,באר שבע,22552.92158
640466,בית שאן,22552.61715
260257,עמק יזרעאל,22536.44391
140236,ירושלים,22534.90109
340349,קרית ים,22514.11074
378018,כפר קרע,22506.47916
540864,חולון,22489.10601
540203,רמת גן,22480.81663
641183,אשקלון,22478.4045
249029,נצרת,22461.24861
440180,אבן יהודה,22439.10117
238055,מג'אר,22430.2169
248138,טורעאן,22425.44859
713131,כפר מנדא,22422.5994
142075,ירושלים,22410.77198
648147,ערערה בנגב,22397.62998
548016,תל אביב-יפו,22394.1219
260182,עמק יזרעאל,22375.47614
648089,תל שבע,22358.57082
248435,אל בטוף,22351.86161
741348,ביתר עילית,22337.925
248534,שעב,22336.54664
640615,אבו סנאן,22319.68002
540484,תל אביב-יפו,22300.90435
249177,מסעדה,22294.10494
144097,ירושלים,22289.63188
248047,ראמה,22287.22253
144329,מודיעין מכבים רעות,22282.69627
470963,יבנה,22261.1838
442137,ראשון לציון,22242.1168
444067,כפר סבא,22203.97921
640359,באר שבע,22185.17109
800128,דבוריה,22124.71306
338129,ביתר עילית,22105.63931
441287,ראשון לציון,22066.30772
238048,טמרה,22057.1317
344382,חדרה,22041.33925
248278,סח'נין,22030.96621
800102,ערערה,22029.20709
641456,מטה יהודה,22009.18208
441733,רמלה,22003.23224
448050,ג'לג'וליה,22002.21413
480046,עמק חפר,21986.8431
440156,רמלה,21986.23901
620468,אשדוד,21985.02684
482307,רחובות,21983.79321
247122,ביר אל-מכסור,21975.99959
734954,ירושלים,21971.87286
370999,קרית ביאליק,21965.17305
441352,רמלה,21962.46922
247866,הגלבוע,21959.19474
541797,תל אביב-יפו,21947.6556
444745,ראש העין,21911.44033
359059,ירושלים,21895.15854
441006,הוד השרון,21894.13528
540443,רמת גן,21886.4267
470096,נתניה,21853.80427
570168,חולון,21853.60277
460063,עמק חפר,21849.69619
340208,חיפה,21847.76365
267724,מטה בנימין,21845.054
240341,מגדל העמק,21833.96099
648063,שגב שלום,21827.06738
249268,שפרעם,21814.84371
249037,כפר מנדא,21805.38023
541128,בני ברק,21802.24751
441089,גזר,21793.83188
370049,חיפה,21774.45857
724161,בני שמעון,21767.315
372243,כאוכב אבו אל-היג'א,21742.23775
508424,חבל יבנה,21740.13254
499848,קרית גת,21734.23722
347096,"בסמ""ה",21722.54988
344218,קרית ביאליק,21713.18941
247106,אעבלין,21707.59856
247346,כעביה-טבאש*,21707.25632
348227,פוריידיס,21706.06713
441386,רחובות,21702.623
176149,תל אביב-יפו,21679.99651
440198,גדרה,21678.84788
441758,ראשון לציון,21666.5751
240481,משגב,21665.89949
440172,כפר סבא,21665.3414
442889,שפרעם,21660.1473
448191,זמר,21655.22612
571109,רמת גן,21644.54503
340158,חיפה,21643.11024
544528,חולון,21642.01362
544312,הרצליה,21638.70627
442301,פתח תקוה,21591.25929
248666,זרזיר,21584.6389
570200,גבעתיים,21579.87195
872531,חיפה,21569.96414
640807,אשדוד,21566.40452
442392,ראשון לציון,21547.1992
441253,ראשון לציון,21513.56389
384305,פרדס חנה-כרכור,21509.128
544353,חולון,21497.416
841262,מטה יהודה,21486.9878
441097,נתניה,21465.28744
540930,בני ברק,21462.76758
544593,חולון,21457.13388
165852,מודיעין מכבים רעות,21455.28176
344291,נשר,21448.71874
440107,פתח תקוה,21445.4202
370072,חדרה,21436.99273
440313,רחובות,21409.11776
441204,פתח תקוה,21383.17125
540617,הגלבוע,21375.95899
248104,מג'אר,21364.20987
644203,חורה,21359.69438
680025,מרחבים,21358.30953
741710,מודיעין עילית,21354.41514
711051,פתח תקוה,21350.13412
648121,חורה,21337.08327
540195,תל אביב-יפו,21322.51393
140905,מטה בנימין,21313.75026
648311,אל קסום,21286.85009
440065,ראשון לציון,21283.45731
442822,מטה יהודה,21283.26047
478875,ירושלים,21283.11536
271015,כרמיאל,21274.83009
340190,חיפה,21271.57822
220509,עפולה,21265.21492
644583,אשדוד,21255.54558
380030,פרדס חנה-כרכור,21232.56085
440149,נתניה,21227.572
248625,ג'דיידה-מכר,21210.13611
144683,מודיעין מכבים רעות,21158.35969
288209,טמרה,21145.63036
462929,נתיבות,21111.92276
248302,דייר אל-אסד,21086.49805
248559,אבו סנאן,21086.0531
800110,דאלית אל-כרמל,21066.72813
541110,חולון,21065.91373
348359,מעלה עירון,21050.25206
770842,רמת השרון,21049.12332
670042,באר שבע,21018.24633
482265,שומרון,21015.19782
140954,מטה בנימין,21011.88511
644534,באר שבע,20996.11724
441360,רמלה,20963.31725
247312,כפר כנא,20949.23129
442202,אלעד,20948.4338
444950,נתניה,20942.64563
478016,טייבה,20939.92946
347039,חיפה,20913.64101
340281,חדרה,20904.68045
248195,באקה אל-גרביה,20899.94811
249235,בעיינה-נג'יידאת,20890.22675
237354,מודיעין מכבים רעות,20864.47754
441030,כפר סבא,20851.99546
460246,בית שמש,20845.84586
440834,גדרה,20842.30724
140723,ירושלים,20825.0087
348318,מעלה עירון,20822.99926
444414,רעננה,20809.89931
644484,אשדוד,20795.02884
644757,קרית מלאכי,20779.27245
348235,אום אל-פחם,20778.79727
540310,חולון,20762.25585
448290,כפר קאסם,20753.36644
247288,משהד,20748.50671
644310,אשדוד,20737.95517
648261,לקיה,20730.67679
570036,תל אביב-יפו,20722.01038
144675,מודיעין מכבים רעות,20717.64291
541235,בני ברק,20714.31489
141002,גבעת זאב,20707.66562
499681,נס ציונה,20706.72417
340778,קרית ביאליק,20703.42824
247247,עראבה,20691.70419
270538,עמק הירדן,20689.87828
372946,משהד,20686.68776
580019,רמת השרון,20675.7301
338095,ירושלים,20668.38582
370395,בנימינה גבעת עדה,20665.67928
441477,ראשון לציון,20649.15284
338392,יקנעם עילית,20648.47419
548404,תל אביב-יפו,20644.71212
440305,יהוד נווה אפרים,20633.19786
540591,גבעתיים,20627.17546
520676,באר טוביה,20618.69097
440727,לוד,20608.1603
490037,נתניה,20606.41266
444935,מזכרת בתיה,20603.03555
540237,רמת גן,20591.04996
248641,נחף,20577.4142
540211,רמת גן,20573.46162
340331,חיפה,20539.62519
441147,ראשון לציון,20513.04235
460428,גזר,20510.97986
141119,ירושלים,20490.17562
247023,נצרת,20471.55863
482059,אורנית,20439.14342
448019,טייבה,20428.78322
348193,חיפה,20427.61665
260471,מטה אשר,20421.07916
644377,אשדוד,20414.55255
644591,עומר,20389.16371
541045,רמת השרון,20384.33252
540492,בת ים,20379.8734
571281,תל אביב-יפו,20364.57016
560045,בני ברק,20362.89983
441311,ראשון לציון,20352.87088
544478,בת ים,20351.78308
442277,גן יבנה,20345.47549
441410,הוד השרון,20345.28987
641381,שדות נגב עזתה,20327.35729
440586,פתח תקוה,20319.26089
442855,ירושלים,20308.18781
490052,פתח תקוה,20306.40619
648030,רהט,20301.07989
719542,גני תקוה,20264.52302
244608,טבריה,20253.30238
247064,נצרת,20246.70911
641191,אופקים,20238.45629
648139,כסיפה,20237.97374
540062,תל אביב-יפו,20232.94562
144741,מודיעין מכבים רעות,20227.07162
249300,עילוט,20222.24486
540252,רמת גן,20188.28983
440875,ראשון לציון,20187.53181
278283,סח'נין,20173.51904
342352,אום אל-פחם,20150.10355
338509,בית אריה,20148.37947
338715,נצרת,20132.70362
247239,אעבלין,20126.73118
570606,תל אביב-יפו,20124.46044
277012,נצרת,20121.18646
442517,אלעד,20111.82792
340315,חיפה,20105.97541
800094,כפר כנא,20099.99015
615369,בני שמעון,20099.68859
444620,גבעת שמואל,20090.22569
420018,מטה יהודה,20086.97645
247148,נצרת,20070.11658
544676,אזור,20054.84043
660225,אל קסום,20032.11731
444257,ראשון לציון,20030.42568
714857,תל אביב-יפו,20004.30278
444844,שוהם,19991.20298
800144,תל שבע,19967.10093
570259,אור יהודה,19963.88823
240598,כרמיאל,19957.20622
540351,בת ים,19954.6062
442699,ביתר עילית,19954.03525
140012,ירושלים,19927.86313
741173,פתח תקוה,19903.19759
240580,עכו,19896.80716
540146,תל אביב-יפו,19890.17647
644617,מיתר,19843.47075
420570,בעיינה-נג'יידאת,19839.79383
344911,מודיעין מכבים רעות,19816.42023
249326,ינוח-ג'ת,19811.49652
448159,לוד,19802.54242
420026,אלקנה,19801.14728
644393,באר שבע,19776.38332
442293,רחובות,19739.99674
241067,מודיעין מכבים רעות,19736.77207
344366,קרית מוצקין,19710.63996
248682,טמרה,19709.37287
734863,מנשה,19701.89079
248229,בוסתאן אל מרג,19690.2027
442186,נתניה,19689.67045
541730,תל אביב-יפו,19688.24472
541581,תל אביב-יפו,19681.46969
440099,פתח תקוה,19675.54643
470625,חוף השרון,19664.02874
247049,נצרת,19637.14489
742163,מגדל העמק,19633.21557
444497,רחובות,19627.21793
441634,גבעת שמואל,19623.3049
732529,פתח תקוה,19618.35944
372953,ביתר עילית,19576.80359
141853,ירושלים,19560.8852
344408,קרית אתא,19544.98803
190066,ירושלים,19538.00316
544494,רמת גן,19519.27809
247080,נצרת,19509.27699
373142,טבריה,19505.80277
722074,בית שמש,19465.12524
460543,מודיעין עילית,19437.65892
648337,חורה,19433.15107
420489,ראשון לציון,19425.27319
348276,"בסמ""ה",19410.11767
660076,יואב,19393.94688
247478,ירכא,19385.27467
844076,לב השרון,19375.115
620005,אשדוד,19364.51732
442533,נחל שורק,19362.5541
340695,רכסים,19360.30689
378026,עספיא,19348.32985
800078,עין מאה'ל,19336.6338
348292,"בסמ""ה",19331.65442
644450,אשקלון,19315.06133
723437,צפת,19314.78841
641050,ערערה בנגב,19303.42913
711770,רחובות,19300.54033
247155,טורעאן,19299.48014
640904,נתיבות,19276.237
442061,נס ציונה,19232.49814
448233,קלנסווה,19231.73699
460030,דרום השרון,19229.48671
240531,חצור הגלילית,19228.91018
441568,מזכרת בתיה,19219.20342
140053,ירושלים,19212.36466
648204,רהט,19206.89507
140632,ירושלים,19206.03073
540021,גבעתיים,19189.02442
185157,ירושלים,19174.34633
560565,ביתר עילית,19172.043
248856,ג'דיידה-מכר,19167.28394
360800,פוריידיס,19157.99385
248112,אכסאל,19149.3761
442269,אלעד,19145.4152
248427,ריינה,19140.16806
444687,ראשון לציון,19117.36823
248344,שפרעם,19115.2609
660134,באר טוביה,19109.77376
540476,תל אביב-יפו,19092.44822
455675,ירושלים,19087.53612
347062,אום אל-פחם,19075.63846
141861,ירושלים,19071.07484
541599,בני ברק,19064.00797
247833,ג'וליס,19060.95177
540658,ירושלים,19056.93638
648055,לקיה,19043.37234
249169,טמרה,19028.53457
373357,צפת,19026.1581
480095,גזר,19020.49392
542092,מקווה ישראל,19008.08999
346494,ירושלים,19006.19759
770396,חיפה,18995.17637
420000,אכסאל,18991.80095
444901,פתח תקוה,18981.23237
448167,כפר קאסם,18968.64219
729012,זבולון,18949.50717
356212,זכרון יעקב,18934.99526
540450,חולון,18930.99221
247304,כפר כנא,18929.90636
248690,שפרעם,18910.7628
249144,יפיע,18910.265
348284,כפר קרע,18908.37299
248716,סח'נין,18901.96984
442806,באר יעקב,18901.24402
478784,ביתר עילית,18901.18307
540070,תל אביב-יפו,18898.34915
248203,טמרה,18895.3543
340216,חיפה,18895.00076
541060,בני ברק,18892.46999
560342,בני ברק,18861.32351
247338,יפיע,18823.8487
348201,ג'סר א-זרקא,18812.57632
541490,בני ברק,18789.96704
348342,באקה אל-גרביה,18786.44693
247189,דייר אל-אסד,18783.68301
344507,חיפה,18782.07427
248765,כפר מנדא,18779.67972
347112,באקה אל-גרביה,18772.80392
249011,עילבון,18766.10204
733956,צפת,18753.78032
441279,תל מונד,18753.37049
448316,ג'לג'וליה,18751.66405
249045,נצרת,18735.16347
340646,חיפה,18722.06691
247130,שפרעם,18720.78723
460105,עמק חפר,18718.87648
444828,כפר יונה,18715.15139
384040,ג'סר א-זרקא,18709.12182
359489,טורעאן,18699.22092
540856,בני ברק,18693.87123
440248,נס ציונה,18691.09388
640367,באר שבע,18682.2166
248187,ירכא,18677.8664
248146,נצרת,18677.45012
448100,רמלה,18663.18467
540542,פתח תקוה,18659.27208
342113,קרית אתא,18647.76928
661884,ירושלים,18622.6645
384230,עספיא,18552.55656
573105,תל אביב-יפו,18534.15253
248252,דיר חנא,18533.66286
344556,מעלה עירון,18529.05493
610006,כסיפה,18518.20834
347047,אום אל-פחם,18505.24643
473017,נחל שורק,18478.08861
347021,חיפה,18472.01982
444463,נס ציונה,18468.95649
442251,רעננה,18464.97435
640110,דימונה,18463.72146
344374,קרית מוצקין,18454.45268
648329,רהט,18449.81485
448183,טירה,18448.9524
442079,קרית עקרון,18436.95823
648071,ערערה בנגב,18433.35351
448118,טירה,18430.41089
710756,סח'נין,18429.18895
444232,פתח תקוה,18426.41125
519314,רהט,18394.1407
541508,בני ברק,18388.64358
247841,כפר יאסיף,18323.82754
541037,הרצליה,18313.89173
247056,נצרת,18302.88327
441139,פתח תקוה,18296.60286
199109,ירושלים,18290.15876
249136,מג'ד אל-כרום,18264.06846
648220,נווה מדבר,18261.23995
170399,ירושלים,18246.09448
477166,שגב שלום,18226.66321
441188,רעננה,18218.80822
544171,הרצליה,18209.37872
247262,כפר כנא,18207.5004
461855,ירושלים,18194.19107
148056,ירושלים,18188.99362
249284,עראבה,18188.41428
348326,באקה אל-גרביה,18169.47884
841254,דרום השרון,18166.40698
384198,חדרה,18144.44866
540500,מודיעין מכבים רעות,18133.8364
360768,יבנאל,18132.22355
340604,חיפה,18113.96079
198192,ירושלים,18099.8319
444703,פתח תקוה,18096.85958
166769,בית שמש,18093.96352
544130,הרצליה,18070.8865
640797,רהט,18069.34754
648113,רהט,18062.73701
444737,חבל מודיעין,18061.24221
248708,סח'נין,18051.57471
729111,ירושלים,18033.64097
226803,בית שמש,18028.29818
544031,תל אביב-יפו,18027.16875
373183,ביתר עילית,18022.41112
348243,אום אל-פחם,18021.87735
384016,כפר קרע,17991.67102
249151,אכסאל,17987.71866
248815,כפר מנדא,17986.14512
521237,דרום השרון,17972.03026
148072,ירושלים,17947.84516
640607,אל קסום,17920.28123
670810,באר שבע,17914.15372
566901,נתניה,17910.59447
441022,רחובות,17886.10977
540625,ירושלים,17883.47766
448209,טייבה,17881.81926
444919,פתח תקוה,17872.68034
456913,רמלה,17860.03831
442236,גדרה,17859.87085
640250,אל קסום,17833.61186
540401,בני ברק,17831.03888
140103,ירושלים,17811.73448
247254,כאבול,17783.52467
148064,ירושלים,17780.16131
442830,סח'נין,17774.9046
444133,רעננה,17767.609
142190,ירושלים,17734.16831
444190,רעננה,17711.2623
338657,נצרת,17701.7944
178053,ירושלים,17670.69653
448241,טירה,17668.82585
360784,צפת,17667.00267
482125,נס ציונה,17666.39948
442749,קרית אתא,17656.71128
648303,שגב שלום,17640.97435
566893,נתניה,17640.69353
244194,רמת ישי,17633.81458
448142,רמלה,17608.00743
648238,רהט,17562.00467
444166,רחובות,17554.78763
442004,פתח תקוה,17523.35815
348029,כפר קרע,17513.63356
417204,לוד,17511.08763
448274,כפר קאסם,17478.99689
448126,טייבה,17467.55244
140715,ירושלים,17440.36715
448175,קלנסווה,17424.95501
520007,תל אביב-יפו,17420.42242
460469,מודיעין עילית,17412.94603
640946,אשקלון,17374.31846
548040,תל אביב-יפו,17362.78993
192997,ירושלים,17356.37693
440263,פתח תקוה,17350.2653
444109,פתח תקוה,17347.63021
540468,ריינה,17334.48609
648048,רהט,17331.52464
479428,כפר יונה,17314.34277
141333,ירושלים,17282.80279
640755,אשדוד,17268.12235
440966,אלפי מנשה,17261.63795
640276,חורה,17257.37499
348060,ערערה,17253.93588
442038,רחובות,17219.54414
540435,חולון,17174.12407
448134,טייבה,17171.6623
226688,ירושלים,17170.74054
342337,אום אל-פחם,17155.97907
448217,קלנסווה,17137.55821
540112,תל אביב-יפו,17135.12096
640664,אופקים,17125.81291
474460,רחובות,17121.1378
444893,פתח תקוה,17087.19604
444216,רחובות,17046.61662
640953,אשדוד,17025.34888
722066,ביתר עילית,16977.46991
343996,ירושלים,16973.55693
248724,נצרת,16966.09278
770297,תל אביב-יפו,16949.80108
441576,צורן קדימה,16924.60406
678011,תל שבע,16922.26477
120329,ירושלים,16914.7729
141929,ירושלים,16880.34711
544080,רמת השרון,16878.55453
480194,ראשון לציון,16871.46202
442566,טירה,16859.12768
118158,ירושלים,16845.21487
729244,נס ציונה,16835.17861
148239,ירושלים,16771.09763
540088,תל אביב-יפו,16734.19385
499699,קרית אונו,16712.0989
542282,קרית אונו,16709.17427
442129,אלעד,16674.23537
198085,ירושלים,16664.13536
178178,ירושלים,16634.48497
448332,לוד,16629.40163
522367,קלנסווה,16622.9316
476986,באר יעקב,16595.09272
641407,ירושלים,16572.21663
441816,יבנה,16561.70003
141473,קרית יערים,16561.22826
640565,משגב,16513.83342
189084,ירושלים,16489.79445
540807,תל אביב-יפו,16474.53926
140855,מבשרת ציון,16471.21256
648345,אל קסום,16467.34922
177295,ירושלים,16451.15803
544155,קרית אונו,16425.77913
441451,ראש העין,16413.19545
140822,ירושלים,16349.94826
248781,נצרת,16344.88176
541474,בני ברק,16314.32094
640896,אשקלון,16294.30947
338426,זכרון יעקב,16291.18074
441444,ראש העין,16259.10056
338525,ערערה,16253.78388
560136,רמת גן,16250.37428
444695,יהוד נווה אפרים,16243.59241
515502,תל אביב-יפו,16236.88082
560474,צפת,16234.96619
480103,כפר סבא,16206.89054
338772,שפרעם,16204.75173
371112,יפיע,16200.46706
729558,חיפה,16188.55277
711903,אלעד,16181.48837
544148,הרצליה,16178.93672
560573,בני ברק,16176.7949
717769,בית שמש,16150.51357
372318,ירושלים,16127.00742
193003,ירושלים,16109.89203
384180,רכסים,16068.35758
349027,ג'ת,16065.80377
544122,הרצליה,16011.19812
444059,כפר סבא,15970.07564
444729,כפר סבא,15952.16628
723684,בני ברק,15950.17178
239616,ירושלים,15946.64236
359323,חיפה,15913.4932
560219,בית שמש,15897.67354
560482,כפר כנא,15849.17291
544288,הרצליה,15838.61542
184002,בית שמש,15837.3292
715235,אלעד,15831.12749
444455,כוכב יאיר,15797.82531
444752,יהוד נווה אפרים,15763.66239
241026,עמק יזרעאל,15716.23763
733907,בית שמש,15692.03063
442111,אלעד,15644.96953
615351,נתיבות,15644.3207
641290,אשדוד,15571.86472
444398,רעננה,15557.57122
442046,צורן קדימה,15523.03162
544072,רמת השרון,15467.92257
444208,כפר סבא,15408.43364
183236,ירושלים,15390.40444
444075,כפר סבא,15363.55218
462218,חיפה,15349.3138
640987,אשדוד,15347.14328
521898,אריאל,15335.93195
444349,הוד השרון,15306.68399
541920,חולון,15253.11651
441469,שוהם,15224.23962
440503,פתח תקוה,15155.70915
482257,גבעת שמואל,15115.8176
478768,בית שמש,15024.11296
547042,תל אביב-יפו,15018.82389
641274,אשדוד,14999.40463
648287,נווה מדבר,14959.97733
444422,גני תקוה,14924.34968
460261,קצרין,14919.8884
148155,ירושלים,14763.08561
544163,תל אביב-יפו,14716.01539
442327,רחובות,14681.3566
722512,בית שמש,14679.17368
444877,הוד השרון,14678.65538
148247,ירושלים,14624.50099
244400,צפת,14602.35575
444224,הוד השרון,14591.92682
441113,רמלה,14588.65799
357491,חדרה,14546.05668
346023,מודיעין עילית,14524.30992
472332,נצרת,14518.79478
148106,ירושלים,14518.73282
148197,ירושלים,14489.95613
660233,נווה מדבר,14468.55762
185165,ירושלים,14453.65107
714824,חולון,14418.43573
340570,חיפה,14409.17318
184085,ביתר עילית,14404.69305
448324,רמלה,14403.7921
740779,ירושלים,14341.07
484006,רעננה,14317.92797
344499,חדרה,14256.01725
540567,ירושלים,14213.31245
724864,ביתר עילית,14116.7832
197798,בית שמש,14085.24064
615344,שדרות,13951.01688
442772,אבן יהודה,13902.33091
544635,תל אביב-יפו,13884.93844
440784,ירושלים,13867.46921
284091,ביתר עילית,13781.72682
541482,בני ברק,13781.39395
141432,ירושלים,13776.44717
462200,זבולון,13750.18994
712943,מודיעין עילית,13732.98356
148148,ירושלים,13643.26467
522235,ירושלים,13639.32379
148163,ירושלים,13631.27285
716605,אלעד,13613.17767
460733,אלעד,13549.01934
715623,ירושלים,13539.05974
141689,מודיעין עילית,13532.22704
477901,ירושלים,13379.2959
544619,תל אביב-יפו,13361.9546
420562,פתח תקוה,13275.76892
460048,ביתר עילית,13262.97206
410001,לוד,13242.03024
560532,אלעד,13239.99637
460683,בית שמש,13233.56683
560110,תל אביב-יפו,13166.6353
731786,אופקים,13111.99263
544627,תל אביב-יפו,12977.47447
560243,ירושלים,12942.99635
560359,בית שמש,12922.71303
338301,ירושלים,12834.62536
733691,חבל מודיעין,12817.52973
541839,תל אביב-יפו,12745.48452
460006,ירושלים,12668.28045
476325,רמת השרון,12663.91218
141895,ירושלים,12623.20828
214601,גולן,12554.81146
188854,ירושלים,12408.64334
640938,אשקלון,12385.49203
660209,שפיר,12370.98909
460022,ירושלים,12333.82741
660001,רהט,12323.05582
288084,ירושלים,12322.06269
660290,באר שבע,12188.77455
176909,ירושלים,12147.19153
660282,נתיבות,12090.98738
741892,ירושלים,12032.84796
160325,ירושלים,12012.14925
284026,מודיעין עילית,11975.15231
178061,ירושלים,11957.5129
733121,נצרת,11863.93229
560581,ירושלים,11785.08994
734301,אשדוד,11783.1536
186783,ירושלים,11744.57496
729095,אלעד,11679.49462
729046,ירושלים,11629.15216
541763,בת ים,11574.33019
440669,בית שמש,11547.06397
460584,ירושלים,11375.78649
740688,ביתר עילית,11222.0073
176156,ירושלים,11195.65943
366856,בית שמש,11128.00945
541078,בני ברק,11052.08585
560300,ביתר עילית,11020.02102
741157,תל אביב-יפו,10944.87056
248799,סח'נין,10724.37907
362582,בית שמש,10637.20001
178137,ירושלים,10606.47111
479055,תל אביב-יפו,10553.03131
710418,ירושלים,10433.96339
460592,ירושלים,10431.83115
729871,ירושלים,10420.80563
740753,באר יעקב,10411.73238
284083,ירושלים,10334.31448
742544,אלעד,10318.70925
160515,ירושלים,10167.95806
144238,ירושלים,10026.70548
715359,ירושלים,9818.976186
346031,חיפה,9655.079182
370825,חדרה,9447.744684
740365,סח'נין,9342.631212
267971,ירושלים,9340.57901
742312,ירושלים,9323.796715
239897,ירושלים,9179.055355
347757,ירושלים,9141.171081
731174,מודיעין עילית,9044.934525
742189,רחובות,9040.721429
343970,ירושלים,9006.495846
368084,ירושלים,8998.778671
714204,ירושלים,8893.089796
722017,מטה בנימין,8887.317117
267930,ירושלים,8832.961091
718924,ירושלים,8799.133175
238519,ירושלים,8797.640002
346072,בית שמש,8760.215303
238485,ירושלים,8662.232202
544205,בני ברק,8541.424407
540096,בני ברק,8452.797432
247411,ירושלים,8375.807521
160184,ירושלים,8339.780015
141788,ירושלים,8321.918287
117010,ירושלים,8304.24032
660217,נתיבות,8262.32325
541748,בני ברק,8256.003061
460675,ירושלים,8238.225963
460162,כרמיאל,8213.95103
148189,ירושלים,8089.290276
735845,בני ברק,8076.761489
660050,אופקים,8042.487172
460329,ירושלים,8024.397608
190090,ביתר עילית,8001.676574
362210,בני ברק,7985.13701
197715,ירושלים,7968.511458
441774,שדות דן,7936.402142
722025,ירושלים,7906.09146
338434,ירושלים,7897.677654
142216,בית שמש,7894.734799
641159,נתיבות,7878.720476
410159,ראשון לציון,7875.771309
366880,ירושלים,7873.699898
185140,ירושלים,7855.678092
366864,ירושלים,7812.291073
719575,מודיעין עילית,7807.724695
234047,מודיעין עילית,7797.394121
460477,ירושלים,7790.62187
362640,מודיעין עילית,7779.578941
729087,רחובות,7777.519123
440636,ירושלים,7774.593305
460535,ירושלים,7774.119298
729079,בני ברק,7772.989511
729178,ירושלים,7767.094726
441055,פתח תקוה,7757.445016
440230,יבנה,7741.575105
148130,ירושלים,7740.372065
560177,ירושלים,7737.887974
190108,מודיעין עילית,7736.451945
727099,ירושלים,7734.665966
160127,ירושלים,7731.280254
441345,רחובות,7715.844536
140541,ירושלים,7714.640372
541847,בני ברק,7711.44536
590349,תל אביב-יפו,7706.845262
444711,באר יעקב,7706.601678
718932,אלעד,7702.321985
544247,בני ברק,7692.439293
242610,אלעד,7692.283781
640698,אשדוד,7690.023627
544254,בני ברק,7689.952297
722058,ראשון לציון,7685.857697
733824,בית שמש,7679.917865
519546,יבנאל,7667.637407
644674,מרחבים,7664.540799
728691,מודיעין עילית,7662.330459
338160,ירושלים,7654.522382
728808,רכסים,7650.113644
160366,ירושלים,7646.706578
541219,בני ברק,7645.542337
519405,בני ברק,7629.966042
541631,בני ברק,7626.934158
141572,ירושלים,7626.113329
716779,בני ברק,7625.18268
160523,ירושלים,7623.180146
560144,בני ברק,7622.291029
444604,רחובות,7618.062021
178194,ירושלים,7617.114381
728832,ירושלים,7613.424068
729848,פתח תקוה,7611.12622
240424,חצור הגלילית,7609.485143
141069,ירושלים,7604.732442
560433,ביתר עילית,7603.402884
728980,בית שמש,7601.317571
540971,בני ברק,7599.557085
729863,אלעד,7589.493464
541854,בני ברק,7589.162593
733451,מודיעין עילית,7585.018696
719799,אלעד,7582.34749
560706,ירושלים,7582.121684
644237,ערד,7579.089553
541441,בני ברק,7575.434294
715797,אלעד,7571.919505
560664,בני ברק,7571.562921
722140,ביתר עילית,7570.496706
541409,בני ברק,7564.885044
460147,ירושלים,7564.656498
165472,ירושלים,7562.618786
234054,מודיעין עילית,7560.56383
442681,מודיעין עילית,7558.432602
541201,בני ברק,7556.81692
144246,ירושלים,7554.97403
284307,ירושלים,7554.855542
370882,מודיעין עילית,7554.515709
144410,ירושלים,7553.456872
221945,ירושלים,7547.285664
361261,ירושלים,7545.568929
142315,ירושלים,7545.337031
541185,בני ברק,7544.860847
117002,ירושלים,7543.816557
141267,ירושלים,7541.967899
144360,קרית יערים,7539.774373
499566,ירושלים,7538.981953
240770,צפת,7536.727313
544387,פתח תקוה,7532.743268
362202,ירושלים,7532.175226
141358,הר חברון,7529.860118
346098,ירושלים,7528.825113
460360,פתח תקוה,7528.753431
442335,רחובות,7527.523986
141044,ירושלים,7526.117315
640722,אשדוד,7525.578452
721969,אור עקיבא,7523.487143
141093,ירושלים,7519.818081
724062,מודיעין עילית,7519.037429
288126,ביתר עילית,7512.886417
140582,ירושלים,7512.726011
499939,ביתר עילית,7512.523091
640854,דימונה,7512.252762
444786,בני ברק,7511.575167
640169,אשדוד,7509.874181
240747,נהריה,7508.617753
541722,בני ברק,7508.520609
728717,בית שמש,7507.8428
440008,בני ברק,7506.487295
542084,בני ברק,7505.898393
141614,ירושלים,7504.898276
440768,נתניה,7504.695232
460741,אלעד,7503.673507
141796,ירושלים,7501.771039
441956,נתניה,7497.75579
715300,ירושלים,7496.808152
541243,בני ברק,7493.725516
440776,ירושלים,7492.807592
541573,בני ברק,7492.281715
141242,ירושלים,7490.784479
165738,בית שמש,7489.556857
508283,ירושלים,7486.20625
441493,נתניה,7486.016276
141143,ירושלים,7485.693452
660043,אשקלון,7485.244244
460386,מודיעין עילית,7483.220442
540609,בני ברק,7480.988516
144147,ירושלים,7477.649329
519900,ירושלים,7477.55635
722009,אשדוד,7475.273455
444513,נחל שורק,7474.533096
548024,תל אביב-יפו,7468.881019
736256,מטה בנימין,7467.693125
736975,בני ברק,7467.693125
641373,אשדוד,7467.242869
141416,ירושלים,7465.458087
729004,ביתר עילית,7463.664653
442152,אלעד,7458.308817
640714,אופקים,7457.551785
140921,ירושלים,7457.043531
373209,ירושלים,7454.579887
360578,ירושלים,7451.833214
240648,מגדל העמק,7449.738482
460519,קרית יערים,7449.302225
141630,ירושלים,7448.714282
728725,אשדוד,7448.536471
542050,בני ברק,7448.31394
541987,בני ברק,7447.139403
362475,בני ברק,7446.703763
541458,בני ברק,7445.103266
444471,רחובות,7442.976186
442145,באר יעקב,7440.816719
244418,טבריה,7440.127934
541144,בני ברק,7437.732002
244236,כרמיאל,7437.536586
344531,קרית אתא,7433.395917
213033,צפת,7432.917163
519637,ביתר עילית,7431.976754
360545,ירושלים,7428.586541
544189,בני ברק,7427.524801
519660,חיפה,7427.048228
160358,ירושלים,7426.934572
519959,נתניה,7424.572299
141457,ירושלים,7423.800157
499590,מודיעין עילית,7423.702164
360834,ביתר עילית,7423.511229
715409,ביתר עילית,7422.225074
771121,תל אביב-יפו,7420.979475
361543,מודיעין עילית,7420.712344
732024,ירושלים,7420.577528
728816,בני ברק,7418.911467
240788,טבריה,7418.055397
366971,ירושלים,7417.247996
541771,בני ברק,7415.653208
141606,ירושלים,7414.278413
140996,ירושלים,7412.350901
440651,ביתר עילית,7411.753753
182931,ירושלים,7407.364502
141192,ירושלים,7401.242899
240614,טבריה,7400.00588
660118,רהט,7398.58
140814,ירושלים,7397.692176
644252,אשדוד,7396.939109
544379,בני ברק,7395.102023
373167,ירושלים,7390.04812
360826,ביתר עילית,7386.962471
641092,חוף אשקלון,7386.018655
519595,אשדוד,7384.703245
361667,שפיר,7382.878819
544361,בני ברק,7380.787364
722124,אלעד,7378.599787
183269,בית שמש,7376.321496
541912,בני ברק,7373.783855
441485,ראשון לציון,7371.184674
541334,בני ברק,7370.501182
541672,בני ברק,7369.681434
340679,חיפה,7366.880009
541094,ראשון לציון,7365.853341
234039,ירושלים,7365.811515
340810,רכסים,7362.390035
541102,בני ברק,7361.525398
140947,ירושלים,7360.230678
541896,בני ברק,7358.017725
442095,אלעד,7354.015488
346445,בית שמש,7352.795953
728857,ירושלים,7352.479857
140681,ירושלים,7351.946978
360560,ירושלים,7351.235237
338756,בית שמש,7351.037391
729038,בית שמש,7346.064583
363879,מודיעין עילית,7345.455605
641225,אשדוד,7344.823088
442756,פתח תקוה,7342.013368
721928,ירושלים,7340.377971
541151,בני ברק,7339.997277
540278,בני ברק,7338.349055
641019,באר שבע,7337.017306
739185,בית שמש,7335.08225
541177,בני ברק,7334.261938
140798,ירושלים,7331.840476
544197,בני ברק,7331.250658
141937,ירושלים,7328.596133
540963,בני ברק,7328.191555
641100,נתיבות,7327.107929
141580,מודיעין עילית,7326.738342
440800,פתח תקוה,7325.57785
544346,בני ברק,7325.315062
540989,בני ברק,7318.768166
444505,בני ברק,7313.512651
499632,ירושלים,7308.970278
360529,ירושלים,7308.240734
344168,חדרה,7307.645227
508275,קרית גת,7307.264306
460717,בית שמש,7305.863093
340521,חדרה,7304.002657
141911,ירושלים,7300.856199
519603,בית שמש,7298.962347
141135,ירושלים,7298.398572
141762,ירושלים,7295.926045
338673,אלעד,7293.431166
499988,מודיעין עילית,7290.627475
244509,טבריה,7289.21318
641357,אשדוד,7288.725878
346635,ירושלים,7280.946939
499863,נתיבות,7277.820622
141713,ירושלים,7269.841566
342394,ירושלים,7267.821695
440644,ביתר עילית,7267.170785
142331,ירושלים,7264.978862
442764,ירושלים,7260.530214
344127,בני ברק,7259.493429
361451,בני ברק,7254.729151
519579,רכסים,7254.399398
711556,ירושלים,7254.006366
715318,אלעד,7253.51164
460121,מודיעין עילית,7252.577961
141234,ירושלים,7247.257988
722116,אלעד,7246.637763
362194,מודיעין עילית,7245.685651
541284,בני ברק,7244.731461
733527,מטה יהודה,7237.818772
441964,מודיעין עילית,7232.910457
560391,בית שמש,7230.747669
541318,בני ברק,7230.456588
560227,ירושלים,7218.074359
142158,ירושלים,7217.950996
140749,ירושלים,7217.307387
644260,אשדוד,7209.760305
729566,שדות נגב עזתה,7209.516939
518043,תל אביב-יפו,7208.830061
460451,ירושלים,7202.845073
476549,ירושלים,7196.236612
344309,חיפה,7191.054188
361469,אשדוד,7189.917103
544270,בני ברק,7189.644074
732081,ירושלים,7182.836279
372938,ירושלים,7172.562612
641217,אשדוד,7171.665798
519918,בית שמש,7157.389236
140574,ירושלים,7155.466234
141523,ירושלים,7147.969149
460550,ירושלים,7146.904117
440461,ירושלים,7143.975712
442707,ירושלים,7140.545641
342329,מודיעין עילית,7132.238003
144188,ירושלים,7131.582459
519629,ירושלים,7118.838352
346478,ירושלים,7118.0338
460311,ירושלים,7104.199753
362160,בית שמש,7100.704776
729020,ביתר עילית,7098.450714
362236,אשדוד,7088.534871
144261,ירושלים,7087.799425
189894,ביתר עילית,7084.621032
541086,בני ברק,7072.537928
140442,ירושלים,7064.554174
160556,ירושלים,7062.533447
442863,ירושלים,7059.460437
541391,בני ברק,7056.97734
610451,מרחבים,7056.565822
640995,אשדוד,7055.758385
340588,רכסים,7053.935249
560102,בת ים,7048.01622
362244,מודיעין עילית,7039.347936
141259,ירושלים,7033.290747
739052,פתח תקוה,7032.683684
142018,ירושלים,7032.634878
544239,בני ברק,7019.804185
144162,ירושלים,7016.763708
541359,בני ברק,7015.688587
331058,ירושלים,7004.720902
362632,ביתר עילית,6968.758415
361550,אלעד,6963.242949
441675,נחל שורק,6952.417042
362574,ירושלים,6949.215059
660308,באר שבע,6929.04902
541623,בני ברק,6917.592718
724377,בני ברק,6904.437838
519926,בית שמש,6889.484671
288159,ירושלים,6885.873531
360552,בית שמש,6881.52234
140673,ירושלים,6846.647862
770719,נתיבות,6845.192234
384115,אור עקיבא,6833.239706
366898,ירושלים,6831.783916
560169,בני ברק,6830.840846
460709,ירושלים,6823.264947
560318,בית שמש,6792.628353
167262,ירושלים,6789.525162
519702,ביתר עילית,6783.994783
499772,בני ברק,6782.703124
740381,נחל שורק,6781.1375
727271,ירושלים,6780.55
560375,מודיעין עילית,6775.565388
340547,זכרון יעקב,6758.314959
739078,רכסים,6755.688571
728733,בית שמש,6747.496804
713685,מצפה רמון,6739.203019
140780,ירושלים,6738.022728
441154,פתח תקוה,6736.802817
187575,ירושלים,6727.886139
442087,אלעד,6724.317617
344226,חיפה,6715.109196
344341,חיפה,6714.590942
519686,בית שמש,6699.902727
722132,אלעד,6698.728625
540047,רמת גן,6695.303641
346502,בית שמש,6680.680809
541540,בני ברק,6674.817545
542019,בת ים,6665.81795
190116,ירושלים,6665.274894
331033,ירושלים,6659.963634
361386,ירושלים,6649.634787
734061,חצור הגלילית,6632.529524
560649,טבריה,6613.47617
361477,ירושלים,6609.548354
142083,ירושלים,6609.084073
456939,ירושלים,6606.222463
719765,ירושלים,6603.62901
340802,חיפה,6598.666411
338277,ירושלים,6582.588135
141200,ירושלים,6568.055344
141085,ירושלים,6550.243784
610691,רמת נגב,6547.096775
166488,ירושלים,6524.889284
168393,ירושלים,6522.830818
163824,ירושלים,6521.909947
361881,מטה יהודה,6519.005962
338111,ירושלים,6490.969934
141481,ירושלים,6483.497604
540708,בני ברק,6434.987685
344119,בני ברק,6413.273996
560367,ירושלים,6408.098776
728774,פתח תקוה,6389.719328
560557,מודיעין עילית,6388.987973
519736,מודיעין עילית,6366.784497
770529,אבן יהודה,6363.438227
440222,נחל שורק,6348.970651
144170,ירושלים,6336.905275
460485,ירושלים,6329.564777
804237,בית שמש,6287.374259
373159,ירושלים,6280.553614
640748,אשדוד,6224.882542
560680,ביתר עילית,6216.200301
521112,חדרה,6189.244329
346510,מטה יהודה,6188.70397
715276,ירושלים,6133.563563
455451,ירושלים,6125.030556
560490,מודיעין עילית,6124.789625
361865,ירושלים,6074.510454
728865,ירושלים,6037.292368
540716,תל אביב-יפו,5970.457064
499814,ירושלים,5915.396759
560607,בני ברק,5893.753986
364786,ירושלים,5859.540331
160739,ירושלים,5833.323327
720987,צפת,5811.695714
729210,ירושלים,5700.348077
440412,ירושלים,5663.981086
144071,ירושלים,5656.652772
239871,ירושלים,5635.584168
540526,בני ברק,5529.230582
722033,ירושלים,5195.275217
267955,ירושלים,5185.809576
560383,ירושלים,5085.03383
473215,ראשון לציון,5013.225167
184010,ירושלים,5010.201891
641282,פתח תקוה,4991.397038
560235,ירושלים,4971.173404
412676,ירושלים,4664.663281
728873,ירושלים,4597.679091
719047,ירושלים,4355.51864
742379,בני ברק,4166.511852
739029,קרית גת,4089.159615
660316,נתיבות,3634.785172
560698,ירושלים,3331.573458
499905,ירושלים,3095.043614
440693,ירושלים,2722.488443
454330,ביתר עילית,2641.639479
499822,אלעד,1633.932405
739011,בית שמש,1566.5242
530006,ירושלים,898.4534
660241,קרית מלאכי,649.0679032
142323,ירושלים,566.6500256
521187,ירושלים,503.6019512
560672,ירושלים,432.185
900076,חבל מודיעין,373.971948
900126,ראשון לציון,149.2963448
378125,ירושלים,49.51419686
363150,ירושלים,22.45297428
961011,מטה יהודה,22.33630769
166538,ירושלים,16.84117647
