school,city,average badget,per student
844076,לב השרון,46015898.13,19375.115
580019,רמת השרון,45006929.28,20675.7301
280065,הגליל התחתון,43534056.33,28202.9388
770826,באר שבע,43021974.69,22650.2973
370312,קרית ביאליק,42153506.9,35005.4035
540211,רמת גן,42072729.01,20573.46162
144329,מודיעין מכבים רעות,41722120.5,22282.69627
370072,חדרה,41523454.92,21436.99273
244368,כרמיאל,40608175.61,30740.48116
440289,יהוד נווה אפרים,39729186.21,23956.33515
540286,קרית אונו,38120351.06,23947.95267
541110,חולון,38049253.38,21065.91373
660134,באר טוביה,37955832.64,19109.77376
640037,באר שבע,37564146.18,22552.92158
340281,חדרה,37172702.78,20904.68045
440065,ראשון לציון,37028959.03,21283.45731
770552,באר שבע,36839623.01,28096.11273
771071,ראשון לציון,36394202.94,23890.11615
244152,נהריה,36235945.7,22672.97316
670042,באר שבע,35205562.6,21018.24633
240481,משגב,35107423.53,21665.89949
244285,כרמיאל,34879157.36,26653.79593
640060,אשקלון,34785617.07,25763.30697
240010,קרית שמונה,34784620.02,27876.75911
280057,עמק יזרעאל,34754549.55,24034.9582
471011,נתניה,34751319.29,25696.03615
190066,ירושלים,34726846.81,19538.00316
540203,רמת גן,34710380.87,22480.81663
440180,אבן יהודה,34654947.84,22439.10117
480046,עמק חפר,34624880.51,21986.8431
644294,אשקלון,34562761.69,22607.7719
570036,תל אביב-יפו,34473136.46,20722.01038
540401,בני ברק,33632905.54,17831.03888
440016,רחובות,33386215.31,25162.95999
260232,הגליל העליון,33382762.72,33631.63684
340216,חיפה,33209853.33,18895.00076
380030,פרדס חנה-כרכור,32795813.5,21232.56085
441279,תל מונד,32675872.74,18753.37049
644559,אשקלון,32345615.36,22752.96522
280032,עפולה,32054742.41,28635.64625
660126,שער הנגב,31960036.97,25236.92117
440107,פתח תקוה,31940808.84,21445.4202
270140,יקנעם עילית,31582672.42,25057.65822
370395,בנימינה גבעת עדה,31436631.32,20665.67928
640672,אשדוד,31397912.03,23739.5373
140863,מעלה אדומים,31300709.63,25962.76512
270298,נהריה,31212364.55,23939.53409
440917,ראשון לציון,31071083.88,24255.3348
570168,חולון,30953442.96,21853.60277
248625,ג'דיידה-מכר,30708035.06,21210.13611
340018,חיפה,30575474.46,29242.03754
640227,ערד,30563001.37,27042.11765
260489,מעלה יוסף,30506309.84,28106.05292
648048,רהט,30441089.88,17331.52464
644534,באר שבע,30435971.55,20996.11724
800078,עין מאה'ל,30377851.71,19336.6338
340315,חיפה,30162984.31,20105.97541
340117,קרית אתא,30120752.76,24310.53491
170803,מעלה אדומים,30049317.9,24151.51736
648063,שגב שלום,30042775.54,21827.06738
770453,רחובות,30005937.34,22731.77071
470096,נתניה,29756139.89,21853.80427
644690,אילת,29537710.01,24788.27628
570259,אור יהודה,29438749.58,19963.88823
644583,אשדוד,29383666.21,21255.54558
648139,כסיפה,29357204.71,20237.97374
640482,אשדוד,29318250.22,27252.50997
270041,עפולה,29314258.9,25763.98216
144683,מודיעין מכבים רעות,29266243.13,21158.35969
441287,ראשון לציון,29264337.29,22066.30772
470187,נתניה,29075939.68,26655.61026
240192,מגדל העמק,29007117.7,29478.77815
340133,חיפה,28908237.14,24843.79266
648071,ערערה בנגב,28840824.89,18433.35351
540195,תל אביב-יפו,28747013.28,21322.51393
240457,גולן,28706451.06,39045.7713
670067,אשקלון,28653400.32,26172.2692
800136,מג'אר,28624528.09,23332.67696
441311,ראשון לציון,28489948.65,20352.87088
248179,בית ג'ן,28468333.19,22847.77945
340034,קרית מוצקין,28462791.25,25609.85357
640052,אילת,28348233.84,26543.29011
644492,אילת,28269879.19,25532.76661
240093,טבריה,28185531.41,29971.85391
800128,דבוריה,28142635.02,22124.71306
444745,ראש העין,28099231.08,21911.44033
644377,אשדוד,28074092.67,20414.55255
660324,אשכול,28070272.54,27770.35273
640193,באר שבע,28041185.72,26148.06576
440875,ראשון לציון,28040481.69,20187.53181
344416,קרית ים,27939195.28,23673.27172
440115,נתניה,27898650.05,23460.01518
470443,עמק חפר,27868248.48,24705.89404
441097,נתניה,27861943.09,21465.28744
644310,אשדוד,27842778.61,20737.95517
644484,אשדוד,27840384.62,20795.02884
478016,טייבה,27804038.34,20939.92946
270025,צפת,27796496.06,28888.48062
770461,אשדוד,27778299.53,23374.5368
360222,זבולון,27740702.84,30444.14271
144675,מודיעין מכבים רעות,27678770.93,20717.64291
770073,חוף הכרמל,27674275.61,23263.51346
440081,פתח תקוה,27542155.11,22564.43971
648113,רהט,27509548.46,18062.73701
540294,חולון,27410327.72,27263.10694
470054,רחובות,27281245.14,24366.95708
470138,הוד השרון,27234816.49,28819.91163
247866,הגלבוע,27225009.64,21959.19474
480178,באר יעקב,27220701.97,28408.16319
441147,ראשון לציון,27155165.46,20513.04235
644526,באר שבע,27088983.88,23617.24837
460030,דרום השרון,27078963.19,19229.48671
680025,מרחבים,26894383.35,21358.30953
160432,בית שמש,26858171.96,23572.20639
444836,גן יבנה,26834058.14,22911.59335
448167,כפר קאסם,26791310.23,18968.64219
540088,תל אביב-יפו,26654223.96,16734.19385
640086,דימונה,26542760.17,25759.66632
360040,מנשה,26518519.46,24825.42545
278028,עכו,26484103.27,25338.78997
440925,אריאל,26400817.52,28026.34556
540062,תל אביב-יפו,26262363.41,20232.94562
770859,עכו,26169739.22,27905.45875
544353,חולון,26011873.36,21497.416
260091,הגלבוע,25958639.64,23173.21875
460063,עמק חפר,25900629.86,21849.69619
340174,חיפה,25724185.91,26190.37457
490052,פתח תקוה,25720094.08,20306.40619
260133,עמק המעיינות,25624842.72,40855.93546
444828,כפר יונה,25583611.95,18715.15139
444950,נתניה,25462068.55,20942.64563
244210,טבריה,25431816.68,28169.93429
448019,טייבה,25413406.33,20428.78322
540146,תל אביב-יפו,25375887.14,19890.17647
444935,מזכרת בתיה,25366457.36,20603.03555
242073,נוף הגליל,25321810.17,26648.92672
540310,חולון,25271817.83,20762.25585
440248,נס ציונה,25210547.42,18691.09388
441337,שוהם,25193189.47,23767.15988
140079,ירושלים,25128943.73,24554.37144
644062,דימונה,25065177.8,23517.71232
247858,מג'דל שמס,25058075.85,23014.39736
249284,עראבה,24983605.86,18188.41428
440982,ראשון לציון,24946164.42,24519.52469
570077,תל אביב-יפו,24894969.44,24590.05278
344440,אור עקיבא,24676303.13,26522.25185
540112,תל אביב-יפו,24564909.41,17135.12096
800144,תל שבע,24555540.73,19967.10093
348250,אום אל-פחם,24532706.38,23126.60858
770065,ברנר,24530082.26,22801.71246
470963,יבנה,24518467.84,22261.1838
442061,נס ציונה,24409886.64,19232.49814
248559,אבו סנאן,24308002.02,21086.0531
540492,בת ים,24305037.01,20379.8734
640128,אשדוד,24263120.69,27761.00766
144741,מודיעין מכבים רעות,24232031.8,20227.07162
770586,בת ים,24204434.53,23157.70621
240465,מעלות-תרשיחא,24153250.04,32429.17567
260307,הגליל העליון,24141109.3,26320.44188
441212,נתניה,24100438.42,25853.29159
140061,ירושלים,24080142.86,22614.70967
340059,קרית טבעון,23961055.25,24550.26153
248021,נצרת,23826633.79,23917.52036
144501,מבשרת ציון,23740337.7,23888.44607
444653,יבנה,23680501.15,24090.03169
247122,ביר אל-מכסור,23668151.55,21975.99959
441089,גזר,23650666.36,21793.83188
440198,גדרה,23616936.88,21678.84788
340208,חיפה,23591215.19,21847.76365
540070,תל אביב-יפו,23558682.05,18898.34915
420489,ראשון לציון,23527890.89,19425.27319
140715,ירושלים,23408460.79,17440.36715
247106,אעבלין,23309619.34,21707.59856
441758,ראשון לציון,23287234.92,21666.5751
490037,נתניה,23070939.62,20606.41266
470625,חוף השרון,23038376.07,19664.02874
800052,סח'נין,23020757.54,24849.6951
441139,פתח תקוה,22973214.56,18296.60286
440909,קדומים,22894005.04,26260.61601
800037,כסיפה,22731858.09,23148.53166
648238,רהט,22654986.03,17562.00467
540328,הרצליה,22607385.52,28266.29847
440099,פתח תקוה,22607202.85,19675.54643
348037,אום אל-פחם,22582709.43,23147.50865
480020,פתח תקוה,22532796.19,46962.89326
344382,חדרה,22530656.98,22041.33925
644732,קרית גת,22528651.55,22610.04772
340190,חיפה,22454277.97,21271.57822
444562,רעננה,22393805.96,24810.33232
470591,פתח תקוה,22185321.19,26684.29298
249235,בעיינה-נג'יידאת,22181242.77,20890.22675
370122,טירת כרמל,22145781.16,25449.07051
348201,ג'סר א-זרקא,22059626.99,18812.57632
248104,מג'אר,21983771.96,21364.20987
248195,באקה אל-גרביה,21848805.75,20899.94811
248575,עראבה,21830418.21,23816.73381
540864,חולון,21823428.47,22489.10601
248336,כסרא-סמיע,21807891.26,24409.99693
140046,ירושלים,21787986.97,29159.51147
644450,אשקלון,21710128.93,19315.06133
640318,שדרות,21590828.88,28394.04114
540351,בת ים,21558956.54,19954.6062
140087,ירושלים,21536567.52,28181.84706
380055,חוף הכרמל,21500198.21,25158.20057
571174,בת ים,21443578.43,27647.72876
442277,גן יבנה,21342403.79,20345.47549
248203,טמרה,21238378.23,18895.3543
140723,ירושלים,21116558.82,20825.0087
648204,רהט,21116060.44,19206.89507
640235,קרית גת,21037699.41,29009.5138
244343,משגב,21028479.52,27639.9573
270157,בית שאן,21017949.14,36225.35185
260109,מגידו,20957635.75,23896.96209
640078,אשקלון,20897319.67,32238.9998
660076,יואב,20864008.05,19393.94688
260257,עמק יזרעאל,20850717.91,22536.44391
644823,אשדוד,20841848.46,28263.96591
680033,חוף אשקלון,20783555.35,33243.05078
444257,ראשון לציון,20755527.09,20030.42568
570051,תל אביב-יפו,20737633.63,25142.6208
442293,רחובות,20711204.58,19739.99674
240077,נוף הגליל,20676462.55,29879.28113
240267,טבריה,20633829.09,24974.37556
338657,נצרת,20615509.76,17701.7944
660274,בני שמעון,20590551.62,24477.59346
570713,בת ים,20507156.43,27004.41984
248435,אל בטוף,20434071.88,22351.86161
248344,שפרעם,20407452.54,19115.2609
370155,חוף הכרמל,20404479.29,50807.96636
260331,מטה אשר,20404006.12,25340.29572
140731,ירושלים,20370191.57,30285.74423
248666,זרזיר,20177320.44,21584.6389
260125,מטה אשר,20114578.15,30793.9041
360123,מנשה,20095473.94,22997.79577
644203,חורה,20086656.59,21359.69438
344911,מודיעין מכבים רעות,19931355.47,19816.42023
260182,עמק יזרעאל,19923123.95,22375.47614
248229,בוסתאן אל מרג,19698078.79,19690.2027
648030,רהט,19692047.49,20301.07989
770990,מרחבים,19657674.88,23764.11373
417204,לוד,19577395.97,17511.08763
380022,חוף הכרמל,19521768.86,32299.41903
800102,ערערה,19385702.24,22029.20709
770057,אופקים,19338757.7,28820.80134
140962,ירושלים,19254801.34,33278.26018
249110,בענה,19208031.25,25454.58687
544528,חולון,19205122.89,21642.01362
148247,ירושלים,19166871,14624.50099
165852,מודיעין מכבים רעות,19146693.44,21455.28176
248641,נחף,19145226.18,20577.4142
770297,תל אביב-יפו,19119375.62,16949.80108
248062,מעלות-תרשיחא,19108969.33,26952.00187
541169,הרצליה,19045361.77,27442.88439
440024,רעננה,18951034.96,25127.33354
660084,חוף אשקלון,18895195.26,26575.52077
247130,שפרעם,18881786,18720.78723
140665,קרית ארבע,18874313.04,33323.2928
648261,לקיה,18864915.88,20730.67679
520387,תל אביב-יפו,18788566.88,130295.1933
249037,כפר מנדא,18774432.37,21805.38023
644591,עומר,18741719.28,20389.16371
670810,באר שבע,18641468.36,17914.15372
800003,זמר,18628274.89,27936.82497
670232,שדרות,18615516.36,34717.48668
340158,חיפה,18578445.83,21643.11024
360149,מנשה,18538819.72,37467.29935
442236,גדרה,18413526.85,17859.87085
128033,ירושלים,18348369.27,86959.09608
670422,קרית מלאכי,18322541.14,28371.85063
460097,אפרתה,18321275.73,41023.90446
580035,מקווה ישראל,18316890.95,23286.15681
348227,פוריידיס,18259143.67,21706.06713
441006,הוד השרון,18246572.34,21894.13528
444737,חבל מודיעין,18126262.68,18061.24221
841254,דרום השרון,18101007.91,18166.40698
344093,חיפה,18008381.72,25522.08293
640029,קרית גת,17974385.73,29475.87034
348318,מעלה עירון,17911943.96,20822.99926
648147,ערערה בנגב,17882267.78,22397.62998
348185,ג'ת,17864994.15,29735.34312
370049,חיפה,17855056.03,21774.45857
460105,עמק חפר,17782932.65,18718.87648
249193,חורפיש,17728953.73,25047.9708
800086,כפר קאסם,17724567.56,26517.90478
541052,בני ברק,17679946.62,53608.08558
356212,זכרון יעקב,17666350.57,18934.99526
249300,עילוט,17637841.96,20222.24486
348243,אום אל-פחם,17621791.67,18021.87735
249136,מג'ד אל-כרום,17613867.63,18264.06846
470211,עמק חפר,17536891.09,57992.3647
440149,נתניה,17529728.96,21227.572
448076,קלנסווה,17493081.34,23865.04958
140095,ירושלים,17475638.52,31295.91426
270033,עכו,17410356.42,42115.0373
140103,ירושלים,17405626.94,17811.73448
448159,לוד,17236132.93,19802.54242
347054,דאלית אל-כרמל,17181357.39,26056.04699
800094,כפר כנא,17173431.59,20099.99015
140970,מטה בנימין,17115271.54,31438.77946
140145,ירושלים,17113237.88,25504.0803
570044,תל אביב-יפו,17109590.09,22935.10735
441469,שוהם,17035924.13,15224.23962
248443,נחף,17021947.29,22695.92971
347112,באקה אל-גרביה,17011914.91,18772.80392
189084,ירושלים,16925125.02,16489.79445
248302,דייר אל-אסד,16902936.84,21086.49805
841262,מטה יהודה,16837203.64,21486.9878
248088,טמרה,16826854.59,27148.84573
247247,עראבה,16814078.82,20691.70419
240499,קצרין,16782860.28,37697.35013
248534,שעב,16770279.22,22336.54664
248740,טמרה,16729346.13,27910.15371
544593,חולון,16693650.16,21457.13388
440297,פתח תקוה,16656343.96,30595.78244
548016,תל אביב-יפו,16580607.85,22394.1219
141432,ירושלים,16578576.52,13776.44717
148148,ירושלים,16513807.56,13643.26467
248674,בסמת טבעון,16511637.69,23500.76528
620328,אשדוד,16508253.62,94548.98978
444364,רחובות,16494286.54,34521.31967
800060,ירכא,16484431.61,22743.42109
144717,מודיעין מכבים רעות,16449451.73,23122.64792
441808,רעננה,16408609.86,25590.47077
441634,גבעת שמואל,16326589.67,19623.3049
770842,רמת השרון,16325700.05,21049.12332
249250,טובא-זנגריה,16316844.25,25793.30422
470120,לוד,16244973.82,25510.32321
148155,ירושלים,16230536.32,14763.08561
420042,עפולה,16204853.58,23143.17849
470146,עמק חפר,16187207.59,39850.33872
644344,קרית גת,16151978.14,27155.30958
141176,מעלה אדומים,16150604.93,26926.65043
441238,כפר סבא,16106906.53,25065.21402
570192,הרצליה,16095647.36,25039.89944
648097,לקיה,16078087.44,24134.02497
148056,ירושלים,16071794.76,18188.99362
644542,נתיבות,16028731.46,35938.85977
770602,חבל אילות,15985917.63,35858.94489
248583,מג'ד אל-כרום,15979785.26,23260.24056
441196,לוד,15978460.71,22977.36657
640581,אשדוד,15976925.03,25336.06887
444117,כפר סבא,15944375.79,23962.09166
140186,ירושלים,15944312.88,23067.58229
770875,ירושלים,15893417.35,25717.50381
520890,תל אביב-יפו,15804659.53,144466.7233
349928,כפר ורדים,15790774.19,38931.88903
140855,מבשרת ציון,15776127.39,16471.21256
180018,מטה יהודה,15689112.83,24422.65385
247346,כעביה-טבאש*,15642248.9,21707.25632
340380,קרית מוצקין,15603169.42,29529.08671
278010,נצרת,15590563.12,23472.69364
140129,ירושלים,15590397.14,26001.32945
270280,מרום הגליל,15580815.2,45109.48234
640656,קרית גת,15568768.32,30951.82569
247221,מטה אשר,15441526.93,24833.59107
249094,כאבול,15437234.71,26370.40435
247882,שבלי-אום אל-גנם,15414768,24436.85478
440206,באר יעקב,15399478.44,33317.78114
440172,כפר סבא,15352060.92,21665.3414
444679,רעננה,15335586.18,23984.33873
640797,רהט,15268598.68,18069.34754
540930,בני ברק,15264320.3,21462.76758
248047,ראמה,15190970.88,22287.22253
340091,נשר,15190103.46,25886.33854
770396,חיפה,15158150.74,18995.17637
648121,חורה,15042643.7,21337.08327
248708,סח'נין,15029741.11,18051.57471
610006,כסיפה,15029377.89,18518.20834
240127,בית שאן,15016149.26,29853.17943
770305,גזר,15010999.6,24017.59937
370999,קרית ביאליק,14975854.98,21965.17305
260059,עמק המעיינות,14938301.13,29816.96831
678011,תל שבע,14922053.07,16922.26477
378018,כפר קרע,14908291.8,22506.47916
442376,רעננה,14891267.35,24926.79503
140806,ירושלים,14853393.8,24144.00814
440545,רמלה,14834223.92,23903.03564
347062,אום אל-פחם,14821771.08,19075.63846
347013,חיפה,14811673.43,23859.01003
140012,ירושלים,14802416.73,19927.86313
380048,זבולון,14791693.23,49437.47737
347047,אום אל-פחם,14774588.75,18505.24643
240036,עכו,14736861.31,36441.29899
148080,אבו גוש,14700110.04,23717.50571
570135,רמת גן,14655437.11,23396.29168
541045,רמת השרון,14644104.48,20384.33252
670414,קרית מלאכי,14627113.48,34400.54911
344408,קרית אתא,14619651.05,19544.98803
325969,חיפה,14600323.97,180250.9132
240051,עפולה,14595523.59,39067.2473
448027,טירה,14583075.46,24313.23017
680066,באר טוביה,14582175.63,34571.30305
440073,ראשון לציון,14546488.42,32703.4362
440479,שדות דן,14519484.15,23631.9729
470021,רחובות,14489290.14,33980.51158
515502,תל אביב-יפו,14467060.81,16236.88082
248112,אכסאל,14446289.33,19149.3761
448274,כפר קאסם,14434155.63,17478.99689
342352,אום אל-פחם,14399264,20150.10355
440958,קרני שומרון,14338478.5,24343.76656
440560,חבל יבנה,14275654.27,32923.5569
344085,קרית טבעון,14240180.61,56915.1903
640102,אופקים,14210255.73,39715.63927
541508,בני ברק,14207066.03,18388.64358
480145,חבל מודיעין,14195624.26,33354.38031
771287,עכו,14192698,85808.33134
170092,ירושלים,14178595.19,29162.06333
338418,בית שמש,14172866.11,42459.15552
480087,ראשון לציון,14149529.87,36392.82374
770776,חצור הגלילית,14142254.13,34611.48832
770388,כפר סבא,14048252.2,44853.93424
228122,נצרת,14004768.18,84672.11716
347070,אום אל-פחם,13977233.95,23506.95249
640623,קרית גת,13967423.38,39300.57227
544395,הרצליה,13954899.95,24447.96767
644617,מיתר,13945991.24,19843.47075
640532,שפיר,13943655.65,29717.93617
540344,גבעתיים,13941451.55,23494.18865
640243,דימונה,13927007.41,35987.09924
270223,הגליל התחתון,13902565.42,63078.79048
640755,אשדוד,13897384.87,17268.12235
441030,כפר סבא,13804021,20851.99546
320036,חיפה,13787025.04,109944.3783
448217,קלנסווה,13706619.06,17137.55821
193185,בית שמש,13679649.62,27458.14857
198192,ירושלים,13668993.05,18099.8319
140202,בית שמש,13653308.36,37141.75288
261065,עמק הירדן,13639024.56,31837.12549
470047,רמלה,13627586.67,26481.90181
540179,תל אביב-יפו,13619721.88,26292.89938
148197,ירושלים,13600272.82,14489.95613
480038,פתח תקוה,13560231.62,33252.1619
520874,בני ברק,13478824.75,115996.7706
348060,ערערה,13451168.41,17253.93588
128017,ירושלים,13441683.63,74099.68923
178053,ירושלים,13440331.78,17670.69653
170456,ירושלים,13417453.63,44576.25792
248328,יפיע,13403002.95,26126.71141
344234,עספיא,13378022.93,30613.32479
540120,תל אביב-יפו,13351763.77,27850.98825
353581,צפת,13327672.81,33537.17366
340349,קרית ים,13314845.09,22514.11074
160374,מטה בנימין,13271693.03,126880.4305
141309,ירושלים,13264078.53,36560.30465
648337,חורה,13253409.03,19433.15107
640045,באר שבע,13246071.27,29806.64103
342113,קרית אתא,13243645.74,18647.76928
248013,כפר יאסיף,13242898.65,26296.46276
237354,מודיעין מכבים רעות,13232251.66,20864.47754
248815,כפר מנדא,13230608.35,17986.14512
648303,שגב שלום,13195448.82,17640.97435
284083,ירושלים,13184518.41,10334.31448
670331,אשדוד,13170906.47,38466.43246
860361,עמק הירדן,13138900.96,32473.80367
570200,גבעתיים,13137826.04,21579.87195
144691,ירושלים,13120422.18,29182.43369
448100,רמלה,13116486.19,18663.18467
770784,חצור הגלילית,13107349.12,41088.86872
541268,רמת גן,13071065.12,27739.95145
630095,אשקלון,13048528.62,48870.8937
141499,ירושלים,13045793.77,38056.5746
120493,ירושלים,12977792.7,193121.9151
620559,באר שבע,12976373.44,135452.7499
248138,טורעאן,12952939.11,22425.44859
460113,חבל יבנה,12920294.62,22965.32992
640136,אשדוד,12874501.75,39834.47322
247817,מסעדה,12847735.99,26810.80131
571224,בת ים,12838890.56,26223.22419
440214,שדות דן,12833076.5,24603.29083
141549,ירושלים,12763987.76,24046.69886
277020,משהד,12721271.53,44201.77739
770768,ירוחם,12720302.2,36406.13107
644443,אשקלון,12713568.25,24811.80377
248419,פקיעין - בוקייעה,12707399.35,26979.61645
340109,מנשה,12682952.27,27874.62038
247239,אעבלין,12655688.57,20126.73118
440339,חבל מודיעין,12634137.31,24315.12185
644849,באר שבע,12615045.93,29160.99383
460428,גזר,12606048.22,20510.97986
448134,טייבה,12590262.8,17171.6623
160549,מעלה אדומים,12572319.05,41005.60682
644708,באר שבע,12558859.16,28070.76255
448126,טייבה,12524235.1,17467.55244
544155,קרית אונו,12509873.39,16425.77913
247288,משהד,12474002.24,20748.50671
247833,ג'וליס,12446801.51,19060.95177
348326,באקה אל-גרביה,12438825.21,18169.47884
228015,נצרת,12432846.72,99942.49774
260240,מטה אשר,12411068.65,35298.83005
244384,טבריה,12389906.48,31382.74183
441014,רחובות,12373070.89,23978.81955
248856,ג'דיידה-מכר,12313063.21,19167.28394
542282,קרית אונו,12304635.93,16709.17427
338616,מעלה אדומים,12221929.15,33050.10586
144600,בית שמש,12213502.02,30127.04001
280115,הגליל העליון,12208116.09,29192.05187
640359,באר שבע,12206281.13,22185.17109
441410,הוד השרון,12190897.69,20345.28987
248682,טמרה,12184334.31,19709.37287
220046,קרית שמונה,12175079.38,100954.2237
270801,צפת,12168611.71,29521.13467
120287,ירושלים,12149670.95,161136.2195
344366,קרית מוצקין,12133869.96,19710.63996
525915,תל אביב-יפו,12119421.26,136173.2726
540849,בני ברק,12113647.57,22977.32847
520130,תל אביב-יפו,12052592.89,111186.2813
248716,סח'נין,12017872.42,18901.96984
440495,ראש העין,11981603.93,31663.85816
248765,כפר מנדא,11958900.05,18779.67972
140277,ירושלים,11956954.93,35543.86126
648055,לקיה,11947811.8,19043.37234
480061,גן רוה,11864439.04,43587.21177
648345,אל קסום,11849904.5,16467.34922
118158,ירושלים,11828709.88,16845.21487
520627,חולון,11813876.08,138660.5174
571109,רמת גן,11813592.68,21644.54503
288019,ראמה,11783483.79,27765.04192
260067,הגליל העליון,11776230.09,25238.38425
344218,קרית ביאליק,11755520.75,21713.18941
640177,באר שבע,11735639.19,33742.49335
140939,מטה בנימין,11734551.03,23725.33568
440388,כפר סבא,11707156.73,23173.31102
460154,נחל שורק,11692182.94,23639.67437
420018,מטה יהודה,11678568.11,20086.97645
421032,רחובות,11646067.33,136690.9311
420190,רמלה,11642574.09,109217.3929
544080,רמת השרון,11629324.07,16878.55453
544312,הרצליה,11611329.79,21638.70627
440784,ירושלים,11604298.23,13867.46921
440990,ראש העין,11590429.2,25395.33129
620013,אשקלון,11546761.59,125508.2781
247320,אום אל-פחם,11526221.88,39745.59269
248427,ריינה,11518553.14,19140.16806
444729,כפר סבא,11514273.62,15952.16628
244103,כרמיאל,11480720.53,41992.39404
320515,זבולון,11470148.88,87026.92624
140491,ירושלים,11452341.77,28832.6832
540591,גבעתיים,11452207.82,20627.17546
431205,נתניה,11443141.9,49839.46821
344374,קרית מוצקין,11434378.88,18454.45268
249219,בוקעאתה,11422443.1,22681.57884
349027,ג'ת,11397081.19,16065.80377
444109,פתח תקוה,11393923.52,17347.63021
520205,תל אביב-יפו,11389315.07,99210.06158
247254,כאבול,11388569.2,17783.52467
444901,פתח תקוה,11362165.7,18981.23237
640151,שדות נגב עזתה,11360728.41,33063.81958
618686,חורה,11354248.21,84606.91662
420265,נס ציונה,11328264.42,56136.09723
448316,ג'לג'וליה,11326005.08,18751.66405
338012,ירושלים,11304504.59,132061.9695
378075,חיפה,11294504.2,27163.30975
444059,כפר סבא,11294037.5,15970.07564
220491,מטה אשר,11283843.87,134652.0749
370254,טירת כרמל,11261466.58,38566.66637
540435,חולון,11245616.44,17174.12407
128041,ירושלים,11243900.65,118606.5469
575001,שפרעם,11239675.99,39716.16959
566893,נתניה,11148918.31,17640.69353
140137,ירושלים,11139172.63,27903.73904
440883,אלקנה,11122509.2,24012.32557
448183,טירה,11121028.51,18448.9524
571158,בת ים,11115541.72,32577.78933
440487,אשדוד,11102428.76,29109.67164
644807,נתיבות,11095592.77,30299.27027
444034,חוף השרון,11082363.37,40037.43991
428037,טירה,11080749.52,112838.5898
247304,כפר כנא,11058851.3,18929.90636
566901,נתניה,11050836.79,17910.59447
420109,נתניה,11048440.21,93000.33845
421115,ראשון לציון,11044419.72,133709.6819
148163,ירושלים,11044057.27,13631.27285
480004,עמק חפר,11027853.26,70062.60011
441980,שומרון,11022731.51,25539.22964
344028,חיפה,11005119.45,82994.86767
370486,חדרה,11002299.94,49694.21834
540302,חולון,10993153.93,24604.19412
770230,עמק חפר,10984921.97,66737.07151
448118,טירה,10980838.81,18430.41089
248252,דיר חנא,10979341.88,18533.66286
420471,רחובות,10971284.68,123829.3982
448209,טייבה,10961555.21,17881.81926
448175,קלנסווה,10956811.71,17424.95501
421149,פתח תקוה,10944804.37,139246.875
338392,יקנעם עילית,10929925.67,20648.47419
160242,ירושלים,10916495.48,28193.42841
640631,קרית מלאכי,10882911.53,30970.15233
648089,תל שבע,10875208.85,22358.57082
540187,תל אביב-יפו,10863806.6,33970.62726
470112,כפר סבא,10856911.44,26402.99475
238121,בית שמש,10854257.58,25360.41491
240739,צפת,10849811.73,25882.18447
440040,רחובות,10840450.16,25946.50589
540021,גבעתיים,10834123.19,19189.02442
249268,שפרעם,10807073.57,21814.84371
249169,טמרה,10785373.39,19028.53457
444463,נס ציונה,10763707.85,18468.95649
448050,ג'לג'וליה,10759082.71,22002.21413
348235,אום אל-פחם,10750949.71,20778.79727
247163,דיר חנא,10714164.44,22718.75411
328096,באקה אל-גרביה,10700017.91,112869.3873
248070,שפרעם,10688067.03,23751.26007
384016,כפר קרע,10679855.92,17991.67102
141689,מודיעין עילית,10679633.58,13532.22704
146878,ירושלים,10653535.2,133838.3819
421180,גזר,10649649.76,84521.02983
540369,בת ים,10614634.69,28970.07285
120121,ירושלים,10603777.67,116525.0293
420083,נס ציונה,10589504.55,124289.9595
410225,צורן קדימה,10575171.87,22596.52108
544494,רמת גן,10571641.01,19519.27809
444877,הוד השרון,10548081.76,14678.65538
544072,רמת השרון,10518187.35,15467.92257
520635,תל אביב-יפו,10495310.12,134555.2579
247841,כפר יאסיף,10492223.65,18323.82754
442822,מטה יהודה,10488390.76,21283.26047
440347,נתניה,10472595.42,23251.76603
247031,נצרת,10451178.83,22919.25181
120154,ירושלים,10436645.54,88446.14864
540161,תל אביב-יפו,10431437.87,29203.35349
470070,פתח תקוה,10419386.85,33246.28861
627000,רהט,10411426.93,92793.46637
249045,נצרת,10405509.79,18735.16347
648279,נווה מדבר,10376663.29,23172.53973
541474,בני ברק,10366119.53,16314.32094
520221,תל אביב-יפו,10342427.9,116207.0551
247213,סאג'ור,10335261.35,27255.43605
278184,נצרת,10328843.02,33798.57008
141853,ירושלים,10308586.5,19560.8852
800110,דאלית אל-כרמל,10305843.4,21066.72813
570606,תל אביב-יפו,10303723.75,20124.46044
444224,הוד השרון,10293145.18,14591.92682
370569,נהריה,10282547.43,48049.28705
440370,רעננה,10256624.35,24643.49916
144220,ירושלים,10248136.16,26926.26421
247262,כפר כנא,10232615.22,18207.5004
640185,שפיר,10226719.5,32715.03359
144337,בית אל,10225229.58,26326.54373
540468,ריינה,10203078.51,17334.48609
525923,חולון,10198412.02,105573.6234
170399,ירושלים,10195917.6,18246.09448
140269,ירושלים,10182364.69,36133.30266
247189,דייר אל-אסד,10176999.45,18783.68301
144428,מעלה אדומים,10175267.25,35355.34139
320390,חיפה,10170158.54,145704.2771
442368,רחובות,10134416.77,25748.01009
120105,ירושלים,10134128.26,39804.1173
648329,רהט,10110498.54,18449.81485
344200,חדרה,10053928.23,26250.46535
440834,גדרה,10033486.71,20842.30724
370304,פרדס חנה-כרכור,10032267.98,25789.89197
328070,ערערה,10032109.82,116381.7844
541037,הרצליה,10028687.11,18313.89173
477901,ירושלים,10011058.16,13379.2959
160259,ירושלים,9998192.511,26064.10978
346023,מודיעין עילית,9978200.916,14524.30992
444620,גבעת שמואל,9972788.031,20090.22569
610287,חורה,9961367.895,175995.8992
444893,פתח תקוה,9955000.411,17087.19604
560508,גוש עציון,9947639.432,30970.23484
453605,נתניה,9941153.681,26160.93074
247148,נצרת,9890553.449,20070.11658
140764,אפרתה,9862297.347,33682.70952
248690,שפרעם,9856289.569,18910.7628
441444,ראש העין,9849763.119,16259.10056
240234,צפת,9848683.092,32654.78479
441451,ראש העין,9844634.631,16413.19545
444216,רחובות,9832488.467,17046.61662
620419,באר שבע,9826449.992,162152.6401
348359,מעלה עירון,9800997.36,21050.25206
470088,פתח תקוה,9765097.642,43439.04645
444133,רעננה,9761524.383,17767.609
444075,כפר סבא,9755855.633,15363.55218
520056,הרצליה,9745291.474,138035.29
770727,ירושלים,9745177.831,37195.33523
228064,נצרת,9737375.283,159629.103
266809,מודיעין מכבים רעות,9726663.592,73686.84539
420414,הוד השרון,9696418.074,111197.455
540856,בני ברק,9687164.069,18693.87123
540252,רמת גן,9678266.145,20188.28983
431189,נתניה,9663093.47,50016.01175
670323,אשדוד,9654767.397,37019.81364
244616,עכו,9653935.423,22844.1444
372243,כאוכב אבו אל-היג'א,9631811.321,21742.23775
444349,הוד השרון,9609536.212,15306.68399
648311,אל קסום,9608884.132,21286.85009
140772,ירושלים,9608343.861,23152.63581
570358,הרצליה,9598275.375,24189.20205
442806,באר יעקב,9598051.713,18901.24402
448241,טירה,9597706.201,17668.82585
770495,ירושלים,9586506.85,29533.29282
140871,ירושלים,9573329.1,32852.87955
444208,כפר סבא,9571718.979,15408.43364
249144,יפיע,9549683.824,18910.265
441576,צורן קדימה,9542091.768,16924.60406
640664,אופקים,9532227.467,17125.81291
144766,מטה בנימין,9530532.546,31516.31133
178079,ירושלים,9525115.953,29915.56518
348029,כפר קרע,9523913.928,17513.63356
278283,סח'נין,9501727.467,20173.51904
248146,נצרת,9499351.131,18677.45012
444695,יהוד נווה אפרים,9460268.22,16243.59241
140913,גוש עציון,9449120.163,31560.18758
470542,ראשון לציון,9448171.449,38532.50999
247155,טורעאן,9445165.582,19299.48014
247023,נצרת,9433294.217,20471.55863
360800,פוריידיס,9429564.573,19157.99385
444752,יהוד נווה אפרים,9420364.643,15763.66239
328039,אום אל-פחם,9406399.894,106890.9079
140905,מטה בנימין,9394035.426,21313.75026
140038,ירושלים,9386527.014,32345.02761
420224,נתניה,9372871.422,105788.6165
247312,כפר כנא,9372686.08,20949.23129
520023,בת ים,9365460.381,136921.9354
431254,רמלה,9358442.456,42850.01124
420505,רמלה,9325819.814,77072.89103
170407,ירושלים,9321129.698,60605.52469
170514,ירושלים,9320106.648,46647.18042
183236,ירושלים,9303499.483,15390.40444
441857,שומרון,9291812.15,44331.16484
348011,באקה אל-גרביה,9289486.538,25012.08007
470534,פתח תקוה,9287813.172,44999.09483
247296,ינוח-ג'ת,9269097.93,31314.52004
249151,אכסאל,9252882.48,17987.71866
420828,ראשון לציון,9252153.812,119228.7862
240440,מעלה אפרים,9216961.893,35559.26656
444398,רעננה,9166520.964,15557.57122
620153,אשדוד,9139392.53,93259.10745
141390,ירושלים,9114003.491,28970.13189
441733,רמלה,9113738.793,22003.23224
544130,הרצליה,9107726.797,18070.8865
420356,פתח תקוה,9097701.049,130714.0955
442319,נחל שורק,9093661.278,24108.32788
444232,פתח תקוה,9084220.745,18426.41125
248823,מעיליא,9075655.271,24150.22691
220384,עפולה,9070694.569,143523.6482
644781,נתיבות,9070230.854,38596.72704
442350,עמק חפר,9067336.146,87861.78436
540500,מודיעין מכבים רעות,9052411.131,18133.8364
620526,אשדוד,9052341.717,139266.7956
770941,רמת נגב,9046752.758,26329.31536
570085,תל אביב-יפו,9038337.03,57716.07299
248187,ירכא,9036351.765,18677.8664
440941,כפר סבא,9034502.659,23296.80933
244269,מגדל העמק,9031879.735,24744.87599
421172,חדרה,9018859.748,106858.5278
220038,עכו,9008728.72,82196.42993
160739,ירושלים,8998484.565,5833.323327
142075,ירושלים,8995683.875,22410.77198
444166,רחובות,8959963.606,17554.78763
140160,ירושלים,8928274.916,25789.35562
420539,ראש העין,8916590.082,130359.5041
540567,ירושלים,8880477.617,14213.31245
247338,יפיע,8877327.048,18823.8487
444422,גני תקוה,8877003.192,14924.34968
444919,פתח תקוה,8875573.059,17872.68034
620104,באר שבע,8872595.662,121542.4063
370262,אור עקיבא,8844119.197,54391.87698
248278,סח'נין,8834417.45,22030.96621
641233,ירוחם,8833083.722,29761.06375
420562,פתח תקוה,8828386.333,13275.76892
560722,ירושלים,8818088.683,30886.47525
440263,פתח תקוה,8817404.826,17350.2653
544692,חולון,8813049.622,31633.34394
141028,גוש עציון,8802548.103,29381.00168
420521,פתח תקוה,8793391.934,118829.6207
713131,כפר מנדא,8774710.563,22422.5994
347096,"בסמ""ה",8767221.132,21722.54988
444190,רעננה,8759990.335,17711.2623
660498,הערבה התיכונה,8759047.733,28346.43279
640490,מצפה רמון,8755571.706,34443.63378
640607,אל קסום,8721203.532,17920.28123
420000,אכסאל,8717236.637,18991.80095
247478,ירכא,8711742.437,19385.27467
370080,חוף הכרמל,8711722.321,44629.72501
144568,ירושלים,8704079.744,74393.84396
420257,רעננה,8694954.652,104006.6346
540393,בני ברק,8674702.107,23753.29164
220434,עמק המעיינות,8655127.499,108460.2443
630764,אשדוד,8651316.019,53535.3714
195412,ירושלים,8638860.554,77687.59491
244483,כפר ורדים,8615548.541,23036.22605
322040,טירת כרמל,8614481.445,118656.7692
540377,בני ברק,8609655.536,36887.9843
140236,ירושלים,8599318.255,22534.90109
193003,ירושלים,8573684.539,16109.89203
186908,מטה בנימין,8571367.223,27193.42393
378026,עספיא,8563570.792,19348.32985
340042,קרית ים,8545363.309,37414.02499
340125,קרית אתא,8539968.009,28968.68388
227694,שלומי,8530000.952,30269.6982
544668,בת ים,8516682.626,25560.27199
470302,רחובות,8486778.355,60019.64891
541367,בני ברק,8479095.031,41686.79956
420786,עמק חפר,8470821.143,73150.44165
441667,כפר סבא,8462643.124,28417.20324
640250,אל קסום,8459076.561,17833.61186
141291,מטה בנימין,8447832.673,47999.04928
240572,עמק יזרעאל,8432098.082,23527.05938
420331,לוד,8420198.52,107400.4913
240176,עמק יזרעאל,8414350.099,27390.46256
120212,ירושלים,8410972.181,155758.7441
141739,בית אל,8410436.996,33190.3591
178178,ירושלים,8410395.599,16634.48497
644146,אשדוד,8408772.178,99160.04927
644054,אילת,8404585.82,127342.2094
444844,שוהם,8388308.769,19991.20298
420067,כפר סבא,8369940.089,89231.77067
544171,הרצליה,8358104.834,18209.37872
244111,מעלות-תרשיחא,8357739.013,28819.7897
660233,נווה מדבר,8333889.192,14468.55762
540443,רמת גן,8312464.862,21886.4267
141754,ירושלים,8302139.269,32029.85829
844043,הגלבוע,8292616.153,84274.5544
247056,נצרת,8280224.39,18302.88327
442426,פתח תקוה,8272445.229,29107.8298
320580,זבולון,8270071.49,94623.24359
148106,ירושלים,8253899.607,14518.73282
353706,בנימינה גבעת עדה,8250472.639,218266.4719
220376,טבריה,8249473.079,115863.3859
228247,נצרת,8249063.025,83492.54074
247072,עילבון,8245434.396,27158.87482
580027,מקווה ישראל,8230153.233,37683.8518
540674,בת ים,8213042.162,27728.02891
680108,שדות נגב עזתה,8194790.483,40689.12852
340232,חיפה,8192234.47,27940.77241
342337,אום אל-פחם,8191980.006,17155.97907
178061,ירושלים,8178938.82,11957.5129
441352,רמלה,8174431.044,21962.46922
771089,ירושלים,8173572.215,24828.59117
620252,אשדוד,8172702.754,140103.4758
320440,פרדס חנה-כרכור,8142332.564,81586.49864
348342,באקה אל-גרביה,8134531.519,18786.44693
570945,חולון,8120146.329,41429.31801
444067,כפר סבא,8100011.618,22203.97921
148239,ירושלים,8093731.716,16771.09763
358127,ירושלים,8083060.698,220848.6529
444943,יהוד נווה אפרים,8065264.422,28990.88577
440313,רחובות,8062673.749,21409.11776
440966,אלפי מנשה,8057732.594,17261.63795
648170,נווה מדבר,8047794.523,35328.33416
540153,תל אביב-יפו,8028660.968,24749.26316
512491,הגליל התחתון,8026103.145,209832.762
344101,חיפה,8015729.334,29643.96943
620005,אשדוד,8009164.365,19364.51732
248260,בענה,7995779.944,25303.10109
320200,מנשה,7987728.835,36110.88985
627067,תל שבע,7973857.237,131581.8026
249052,נצרת,7968182.394,23285.16188
480095,גזר,7960076.704,19020.49392
348292,"בסמ""ה",7956908.961,19331.65442
520619,בת ים,7946468.571,60939.17616
540385,בני ברק,7935151.248,26917.06665
444612,לוד,7921101.738,25114.46334
180034,מטה יהודה,7914559.693,27731.46354
440727,לוד,7909411.925,20608.1603
185157,ירושלים,7892160.951,19174.34633
441360,רמלה,7882207.286,20963.31725
144758,ירושלים,7879707.346,40491.81576
320150,זבולון,7867248.777,67704.37846
348276,"בסמ""ה",7845569.563,19410.11767
320317,זכרון יעקב,7834309.494,76209.23632
320556,קרית אתא,7832443.168,77548.94225
520585,בת ים,7815527.026,112941.142
340240,חיפה,7813591.948,29845.65297
340356,חדרה,7805462.155,43703.5955
420174,דרום השרון,7794745.413,114966.7465
344473,קרית אתא,7791732.393,30748.74662
230821,טבריה,7777264.454,61046.03182
420158,ראשון לציון,7773966.079,89976.45925
444414,רעננה,7770416.402,20809.89931
120436,ירושלים,7768552.638,140226.5819
348102,אום אל-פחם,7754772.379,47575.29067
192997,ירושלים,7737472.836,17356.37693
571125,הרצליה,7709569.036,56604.76531
420133,באר יעקב,7706958.479,63799.32516
428029,טירה,7701707.228,80226.11696
247080,נצרת,7678851.423,19509.27699
340166,חיפה,7663404.097,25060.18344
141168,ירושלים,7663197.461,29864.37047
160598,ירושלים,7657659.348,39842.14021
442780,מודיעין מכבים רעות,7648769.772,22873.11535
630160,באר שבע,7642315.181,58249.35352
444026,גדרה,7638161.194,26211.94644
442830,סח'נין,7631359.042,17774.9046
170175,ירושלים,7604128.594,42816.03938
440156,רמלה,7585252.459,21986.23901
670828,יואב,7582549.472,58059.33746
220103,בית שאן,7574156.26,127083.1587
198085,ירושלים,7568850.283,16664.13536
160416,ירושלים,7560153.238,27312.69233
344507,חיפה,7520342.536,18782.07427
170043,ירושלים,7480837.649,35555.31202
627026,ערערה בנגב,7449175.726,88051.72253
420240,פתח תקוה,7448362.697,31668.20875
421081,גדרה,7440577.354,136775.319
384123,פרדס חנה-כרכור,7431163.318,95762.41389
344333,נשר,7429811.065,23088.28796
482059,אורנית,7409189.49,20439.14342
450270,מודיעין מכבים רעות,7401792.973,22649.3053
641332,דימונה,7387004.102,30349.23625
644211,באר שבע,7367319.716,77387.81214
144212,קרית ארבע,7366782.179,46507.46325
120071,ירושלים,7344717.452,120011.7231
199919,ירושלים,7335149.294,29061.60576
370023,זבולון,7333333.803,45379.54086
648154,חורה,7329867.78,23210.47429
541482,בני ברק,7320676.467,13781.39395
220442,עכו,7302080.567,132765.1012
244624,בית שאן,7296600.65,33409.34363
444455,כוכב יאיר,7289116.598,15797.82531
520288,תל אביב-יפו,7269026.814,63651.72341
520601,רמת גן,7237605.962,41691.27858
228361,כסרא-סמיע,7235189.133,114844.272
455147,ירושלים,7219948.256,81305.7236
249029,נצרת,7219045.304,22461.24861
620435,אופקים,7209094.026,75094.72944
120527,ירושלים,7209001.059,76044.31497
420372,עמק חפר,7207956.62,41094.3935
442079,קרית עקרון,7201475.885,18436.95823
499681,נס ציונה,7197657.321,20706.72417
627042,תל שבע,7196897.863,101080.0262
425900,ראשון לציון,7183168.969,75137.75072
120428,ירושלים,7166447.251,136244.2443
540245,בני ברק,7159819.038,47353.30052
442392,ראשון לציון,7149360.694,21547.1992
344465,חיפה,7141205.89,106267.9448
541680,בני ברק,7140013.52,28110.28945
641183,אשקלון,7130149.907,22478.4045
420026,אלקנה,7120492.56,19801.14728
331017,עמק יזרעאל,7117373.67,49841.55231
195404,ירושלים,7114022.252,66610.69524
627034,רהט,7105410.299,85094.73412
234021,מטה בנימין,7085193.043,35390.57464
384040,ג'סר א-זרקא,7078284.423,18709.12182
249326,ינוח-ג'ת,7068741.959,19811.49652
620112,אשקלון,7068356.202,128984.6022
442012,חבל מודיעין,7062704.436,74816.78428
247205,ריינה,7057270.205,24693.03781
520502,חולון,7032402.505,152216.5044
228163,אעבלין,7029285.229,74462.76725
541128,בני ברק,7024684.148,21802.24751
540484,תל אביב-יפו,7002483.966,22300.90435
140822,ירושלים,6994507.867,16349.94826
347021,חיפה,6993506.703,18472.01982
120113,ירושלים,6988757.996,82220.6823
442897,קרית שמונה,6984660.292,34715.01139
611483,תל אביב-יפו,6966380.545,39581.70764
420141,עפולה,6941337.216,68862.47238
770222,בני ברק,6938274.863,35654.03321
175448,בית שמש,6933770.089,84972.67266
520171,תל אביב-יפו,6933743.468,65660.44951
221937,נהריה,6925404.939,60749.16613
444141,פתח תקוה,6906977.936,82422.17108
132019,ירושלים,6905553.726,105267.5873
542092,מקווה ישראל,6899936.666,19008.08999
249318,עג'ר,6874654.198,23903.52642
344598,אור עקיבא,6868612.286,27063.09017
120485,ירושלים,6860022.064,58632.66721
142265,הר חברון,6857083.258,41357.55885
124024,ירושלים,6850923,107381.2382
420976,חוף השרון,6837386.594,39706.07778
470641,לוד,6831244.986,45360.19247
570580,תל אביב-יפו,6830764.335,49001.17887
544148,הרצליה,6811332.36,16178.93672
480012,רעננה,6804457.631,51007.92827
168419,ירושלים,6797500.627,28135.35028
544122,הרצליה,6782343.525,16011.19812
648220,נווה מדבר,6778572.27,18261.23995
141101,מטה בנימין,6748662.291,26611.44437
544056,תל אביב-יפו,6747983.873,98654.73499
220459,צפת,6738661.531,81779.87294
640615,אבו סנאן,6718223.687,22319.68002
640144,אל קסום,6716024.323,84584.68921
320457,חדרה,6715120.659,179548.6807
344556,מעלה עירון,6714929.505,18529.05493
470815,ירושלים,6711649.994,99579.37677
384008,קרית מוצקין,6711108.959,37037.02516
456913,רמלה,6704658.382,17860.03831
348284,כפר קרע,6686000.688,18908.37299
620567,אשדוד,6678826.876,61840.98959
344150,חיפה,6658098.546,34426.56953
648287,נווה מדבר,6657189.91,14959.97733
640953,אשדוד,6646696.203,17025.34888
344291,נשר,6640523.321,21448.71874
374249,זכרון יעקב,6617868.425,25067.68343
640276,חורה,6588865.773,17257.37499
440131,נתניה,6560200.909,24830.43493
660092,אשקלון,6551161.717,41306.1899
741140,גזר,6528049.04,81600.613
142166,מטה בנימין,6520993.887,34946.37667
148072,ירושלים,6504299.085,17947.84516
441584,לוד,6486864.579,25968.2329
240630,גולן,6479289.342,42795.83449
240085,נהריה,6467078.34,29747.37047
571141,חולון,6449906.811,62499.097
540898,תל אביב-יפו,6444251.177,30057.14168
162016,ירושלים,6439445.504,71390.74838
353599,בית שמש,6434425.474,27639.28468
460667,בית שמש,6432782.705,27211.43276
770214,עמק חפר,6429256.653,66280.99642
620062,אשקלון,6417546.951,79820.2357
284091,ביתר עילית,6414015.663,13781.72682
540450,חולון,6410033.961,18930.99221
533208,תל אביב-יפו,6405281.274,47446.52796
640441,משגב,6404845.708,64695.41119
240655,גולן,6397636.495,56716.6356
520072,חולון,6381301.773,73687.08745
120014,מטה יהודה,6381225.985,135770.7656
571281,תל אביב-יפו,6361891.718,20364.57016
189001,אלעד,6361843.473,22704.65194
442657,ירושלים,6330201.993,42145.15309
420513,ראש העין,6319322.279,119684.1341
520304,ירושלים,6308304.357,110672.0063
841213,שדות נגב עזתה,6307442.62,31132.49072
440255,נתניה,6301573.436,23065.78856
560342,בני ברק,6299682.052,18861.32351
470526,הוד השרון,6297004.392,43912.16452
248724,נצרת,6294420.42,16966.09278
140848,בית שמש,6290877.879,32867.70052
338038,ירושלים,6279974.743,42604.98469
442855,ירושלים,6279291.671,20308.18781
548404,תל אביב-יפו,6275992.484,20644.71212
359489,טורעאן,6275458.54,18699.22092
640508,ערד,6240573.872,33300.82109
771105,תמר,6225854.184,29874.54023
370494,"בסמ""ה",6214973.363,23649.0615
477166,שגב שלום,6210735.488,18226.66321
240531,חצור הגלילית,6203246.423,19228.91018
440354,קלנסווה,6189380.483,23391.46063
620211,דימונה,6183476.258,136802.5721
640987,אשדוד,6178759.885,15347.14328
338830,אלעד,6173126.268,40506.07787
470377,יבנה,6149210.707,37958.09078
640649,חוף אשקלון,6146174.358,33622.39802
442566,טירה,6145152.04,16859.12768
641050,ערערה בנגב,6138490.464,19303.42913
441618,לוד,6137012.228,36142.59263
420497,יפיע,6134696.253,39375.45733
421131,פתח תקוה,6131223.994,56456.94286
420307,לוד,6115524.961,85651.6101
444372,פתח תקוה,6114426.194,77202.35094
340331,חיפה,6108484.53,20539.62519
144097,ירושלים,6107359.135,22289.63188
444703,פתח תקוה,6091402.936,18096.85958
541490,בני ברק,6087949.322,18789.96704
540534,רמת גן,6039739.504,26305.48565
189076,ירושלים,6036036.37,23108.86818
338061,ירושלים,6013915.395,102626.5426
421040,הוד השרון,6008362.477,143056.2495
220525,משגב,5994375.665,98917.09018
620427,מרחבים,5991901.382,104388.5258
644666,דימונה,5981798.879,29730.61073
160648,ירושלים,5967827.136,27175.89771
247049,נצרת,5965764.617,19637.14489
214098,נהריה,5956505.089,24492.20842
961003,עמק המעיינות,5950820.286,53707.76431
431171,לוד,5948933.044,50758.81437
384099,כפר קרע,5944673.481,166673.0882
288209,טמרה,5941922.132,21145.63036
195958,ירושלים,5936643.646,81547.30283
313569,רכסים,5934466.646,99906.84589
520593,בני ברק,5920368.891,79361.51329
519090,ערערה בנגב,5918557.39,28183.60662
711051,פתח תקוה,5892637.017,21350.13412
340695,רכסים,5881661.232,19360.30689
441824,לוד,5880588.586,30756.21645
448266,טירה,5861496.2,23904.96003
141119,ירושלים,5819209.875,20490.17562
142174,אפרתה,5811335.183,42172.24371
499806,מגדל העמק,5810249.753,24936.69422
644435,מצפה רמון,5802477.731,26066.83617
641001,אופקים,5799797.809,46848.12447
267476,מג'ד אל-כרום,5797544.656,103527.5831
640425,נתיבות,5793315.865,30815.50992
184085,ביתר עילית,5784924.728,14404.69305
442244,פתח תקוה,5782864.356,30564.82218
448233,קלנסווה,5777213.792,19231.73699
479428,כפר יונה,5765676.144,17314.34277
448340,כפר ברא,5737096.151,22766.25457
428078,כפר קאסם,5726473.631,123949.6457
420570,בעיינה-נג'יידאת,5718820.572,19839.79383
249177,מסעדה,5716208.508,22294.10494
177287,ירושלים,5706144.198,42456.43004
340554,זכרון יעקב,5701964.17,32657.29765
455188,פתח תקוה,5693735.74,35497.10561
240804,קרית שמונה,5690058.19,57359.45756
520262,גבעתיים,5690041.172,32739.0171
641324,ירוחם,5679574.582,29427.84757
374199,ג'סר א-זרקא,5679071.003,26966.14911
522482,ירושלים,5667411.619,41142.73408
860353,גולן,5665668.873,40125.13366
480103,כפר סבא,5664308.243,16206.89054
240218,קרית שמונה,5661674.29,39046.02959
570176,בני ברק,5658436.077,43392.9147
441204,פתח תקוה,5657987.112,21383.17125
249011,עילבון,5637337.052,18766.10204
344044,חיפה,5630675.161,71094.38334
120238,מטה יהודה,5625508.866,56142.80305
420547,נתניה,5610193.874,56101.93874
541060,בני ברק,5607285.094,18892.46999
460410,קדומים,5599412.335,55330.16141
620534,באר שבע,5588116.924,25516.51563
239863,בית שמש,5575040.09,58684.63253
544577,תל אביב-יפו,5572338.128,25821.77075
521203,פתח תקוה,5569783.016,49509.18236
441220,שומרון,5549470.195,41475.86095
338525,ערערה,5531704.446,16253.78388
141010,ירושלים,5519124.231,29048.02227
641118,באר שבע,5494164.169,39244.02978
247064,נצרת,5490907.511,20246.70911
410480,ירכא,5489072.26,97670.32491
440362,רחובות,5479176.065,32154.78911
240812,הגליל התחתון,5476674.868,35017.10273
460253,טמרה,5473346.175,34685.33698
620054,באר שבע,5466474.864,128321.0062
460691,מעלות-תרשיחא,5451506.221,28100.54753
410076,יבנה,5443139.474,32438.2567
544676,אזור,5434861.757,20054.84043
540617,הגלבוע,5434837.573,21375.95899
482034,לב השרון,5422440.812,157172.1974
520270,ירושלים,5410002.654,58676.81837
228254,שפרעם,5409678.997,107334.9007
140053,ירושלים,5402516.944,19212.36466
420364,ראשון לציון,5372471.66,89840.66321
471029,נתניה,5364288.147,25964.60865
719542,גני תקוה,5359966.34,20264.52302
117010,ירושלים,5357895.855,8304.24032
280016,עמק יזרעאל,5353671.265,72542.97108
448191,זמר,5348840.852,21655.22612
715623,ירושלים,5334389.538,13539.05974
270249,טבריה,5321417.514,53535.38746
573105,תל אביב-יפו,5319301.776,18534.15253
260471,מטה אשר,5317649.014,20421.07916
244194,רמת ישי,5314831.716,17633.81458
610360,נווה מדבר,5314411.842,91104.203
640565,משגב,5311949.751,16513.83342
420463,מעלה אדומים,5303977.092,101608.7565
540237,רמת גן,5267190.58,20591.04996
220426,כרמיאל,5265687.803,114971.3494
520148,ביתר עילית,5262784.416,57579.6982
370551,ירושלים,5262466.822,40232.92677
228494,אכסאל,5253201.908,63291.58925
420273,אלעד,5246883.368,42657.58836
644831,אשקלון,5233525.905,22558.30132
117002,ירושלים,5223338.584,7543.816557
442723,ירושלים,5219598.719,46355.22841
226670,בית שמש,5193738.99,40831.28137
247387,ירכא,5191217.229,26165.40942
166769,בית שמש,5185729.943,18093.96352
442046,צורן קדימה,5181587.956,15523.03162
244566,מרום הגליל,5176566.832,49966.86132
347039,חיפה,5153121.146,20913.64101
541656,אור יהודה,5148959.016,33391.43331
441899,נתניה,5140880.377,31733.82949
220533,מטה אשר,5134394.48,123422.9442
340737,חיפה,5134281.317,27692.99524
248831,מג'ד אל-כרום,5131719.872,29058.43642
371112,יפיע,5090186.75,16200.46706
441972,כפר סבא,5068474.921,27516.15049
472332,נצרת,5052540.583,14518.79478
226688,ירושלים,5037895.273,17170.74054
641399,קרית גת,5023073.714,27905.96508
540807,תל אביב-יפו,5008259.935,16474.53926
541235,בני ברק,4996292.752,20714.31489
444646,ראשון לציון,4994144.711,24481.10153
247361,אבו סנאן,4992967.07,50332.32933
220129,עפולה,4988812.922,77226.20622
142190,ירושלים,4983301.295,17734.16831
770412,אשדוד,4977856.754,23436.23707
641241,אשקלון,4972683.249,46560.70458
168054,גוש עציון,4971312.58,88143.84007
442434,אלעד,4955142.178,27963.55631
428011,טייבה,4932338.606,91679.15625
685586,אל קסום,4930466.918,31254.94084
526970,פתח תקוה,4929050.576,116434.2656
260497,מעלה אדומים,4924394.376,35224.56635
540427,בני ברק,4923402.972,60782.75274
641290,אשדוד,4920709.25,15571.86472
440321,עמק חפר,4904863.568,30578.94993
247098,גוש חלב,4880528.604,27023.96791
410001,לוד,4878363.939,13242.03024
544288,הרצליה,4871958.102,15838.61542
344036,חיפה,4868998.916,117608.6695
585851,עכו,4866245.103,35913.24799
384230,עספיא,4856131.681,18552.55656
640821,אשדוד,4848064.476,26008.92959
220020,נהריה,4830138.641,94708.6008
239871,ירושלים,4808280.412,5635.584168
359182,אכסאל,4795853.142,63944.70856
472555,פתח תקוה,4776396.776,33542.11219
268029,אבו גוש,4774615.077,79576.91795
770503,נתיבות,4743995.076,24682.59665
440412,ירושלים,4730557.003,5663.981086
721175,בית שמש,4728678.457,27545.69975
548024,תל אביב-יפו,4726307.909,7468.881019
610170,אילת,4725703.476,49021.82029
270470,בית שאן,4723159.666,41214.30773
542076,בת ים,4722881.997,30788.01823
340273,חדרה,4709147.983,42272.42355
359174,אכסאל,4708541.578,78475.69297
541979,אור יהודה,4706728.386,40435.81088
660175,אילת,4694279.257,39714.71453
841247,גולן,4694218.254,49102.7014
620302,ירושלים,4684671.141,137784.4453
520346,נצרת,4663760.151,53483.48797
570069,תל אביב-יפו,4654900.696,37600.16717
228353,בעיינה-נג'יידאת,4652188.743,119286.8908
214007,עפולה,4637465.974,30152.57461
731182,מודיעין מכבים רעות,4634562.44,197215.423
620260,ירושלים,4634377.938,159806.1358
244228,עפולה,4619224.319,25662.35733
541532,חולון,4601309.654,26203.35794
140889,קרית ארבע,4600691.421,27320.02032
240820,מטה אשר,4594622.467,43925.645
339408,כרמיאל,4578015.327,44882.5032
448290,כפר קאסם,4574041.963,20753.36644
348193,חיפה,4555358.514,20427.61665
338509,בית אריה,4553533.76,20148.37947
271015,כרמיאל,4552813.639,21274.83009
444497,רחובות,4537812.785,19627.21793
640383,קרית גת,4535885.827,25340.14428
284026,מודיעין עילית,4526607.573,11975.15231
722272,בית שמש,4512156.475,84339.37336
460725,דרום השרון,4510851.804,30032.30229
640003,אשדוד,4509172.145,26618.48964
160754,ירושלים,4498217.696,87513.96295
540658,ירושלים,4497436.985,19056.93638
474460,רחובות,4490018.388,17121.1378
525113,בני ברק,4489271.914,63949.74236
440594,מודיעין מכבים רעות,4483237.797,38122.77039
541565,בני ברק,4482420.81,35688.06377
338731,אום אל-פחם,4480501.316,91067.09992
338202,מודיעין עילית,4477519.9,85448.85305
320432,חדרה,4474076.144,92439.58976
541862,בני ברק,4444656.483,47485.64618
510008,אור יהודה,4434156.758,33389.73462
620187,אשדוד,4433475.215,130396.3299
367748,מנשה,4433192.791,85582.87242
729418,ירושלים,4431090.385,108075.3752
729285,קרית גת,4424807.395,41547.48728
246983,מגדל העמק,4408952.477,25309.71571
277012,נצרת,4398491.36,20121.18646
519108,רמלה,4375226.29,40889.96533
421099,גדרה,4368118.658,96639.79332
660225,אל קסום,4358988.728,20032.11731
456616,חוף השרון,4355344.18,120981.7828
347153,ירכא,4348438.822,80826.00041
519116,רחובות,4347959.518,46502.24083
141895,ירושלים,4344908.29,12623.20828
240796,טבריה,4339276.269,43654.69084
141002,גבעת זאב,4336185.182,20707.66562
165845,ירושלים,4330452.032,85921.6673
620336,באר שבע,4318982.789,86035.51373
228296,ג'דיידה-מכר,4318817.81,98154.95023
470013,מטה יהודה,4316707.782,48070.24256
421107,לוד,4308634.417,117082.457
165118,ירושלים,4296763.8,51519.94964
482257,גבעת שמואל,4292892.198,15115.8176
140608,ירושלים,4291773.673,33953.90564
162057,ירושלים,4278236.487,33319.59881
570705,תל אביב-יפו,4275727.575,39960.0708
640375,הר חברון,4255135.378,44603.09621
440446,ירושלים,4255125.392,27033.8335
142281,מטה בנימין,4251152.482,34118.39873
223362,ירושלים,4242336.516,157123.5747
442517,אלעד,4235550.959,20111.82792
248781,נצרת,4226786.422,16344.88176
508101,אור יהודה,4218262.148,28656.6722
526889,רמת גן,4213118.66,97979.50372
421198,ראשון לציון,4213074.94,36194.80189
140251,מבשרת ציון,4210373.775,38984.94236
441949,רמלה,4201683.328,36346.7416
540039,תל אביב-יפו,4191706.559,32443.54922
162628,ירושלים,4186887.244,53404.17403
244632,נוף הגליל,4179171.662,94551.39507
120477,ירושלים,4176145.142,42268.67553
442004,פתח תקוה,4167054.568,17523.35815
120055,ירושלים,4165737.972,117676.2139
620476,ירושלים,4162030.09,148643.9318
144592,ירושלים,4143967.972,30879.04599
359323,חיפה,4137508.233,15913.4932
378117,ראמה,4126232.221,27110.59278
353441,נצרת,4123146.638,31188.70377
620047,באר שבע,4115153.891,139971.2208
723684,בני ברק,4115144.32,15950.17178
328088,חיפה,4113176.944,96102.26505
441592,מטה בנימין,4108013.047,24628.37558
729244,נס ציונה,4099365.992,16835.17861
422097,מטה יהודה,4084572.836,51185.12326
520767,בני ברק,4074983.732,52784.76337
460642,רמלה,4014071.46,28388.05842
186783,ירושלים,4012729.778,11744.57496
520296,בני ברק,4011007.154,71881.84863
614321,דימונה,4004958.03,30712.86833
441477,ראשון לציון,4001805.819,20649.15284
184010,ירושלים,3986116.625,5010.201891
480129,עמק חפר,3983257.61,65514.10543
620088,קרית מלאכי,3977817.552,92507.38494
615948,ירושלים,3966717.747,25591.7274
228379,אבו סנאן,3958740.182,101506.1585
384370,זכרון יעקב,3951143.114,23802.06695
420620,ביתר עילית,3951066.681,54272.89397
244608,טבריה,3941292.644,20253.30238
178137,ירושלים,3932879.486,10606.47111
340596,חדרה,3932518.803,25338.39435
641258,אשקלון,3927640.198,33060.94443
441832,פתח תקוה,3923796.353,26583.98613
480194,ראשון לציון,3922614.921,16871.46202
470583,פתח תקוה,3913076.821,28314.59349
670208,אילת,3911579.682,37611.3431
372318,ירושלים,3902735.795,16127.00742
560219,בית שמש,3898109.552,15897.67354
460576,לוד,3887111.012,28005.12257
640458,מזרעה,3876742.696,22626.9029
771030,מגדל העמק,3840779.411,35043.60776
359067,ירושלים,3836575.312,36538.81249
508093,אור יהודה,3831861.302,36774.10078
670836,באר שבע,3822786.533,25656.28546
442400,פתח תקוה,3822770.146,73514.8105
338384,פרדס חנה-כרכור,3812885.178,28798.22642
342170,אור עקיבא,3806611.507,32986.2349
267211,כפר כנא,3795422.27,76520.61028
344580,חיפה,3793812.083,36131.54365
346494,ירושלים,3793637.039,19006.19759
370403,חיפה,3783898.527,37538.67586
442889,שפרעם,3779695.704,21660.1473
320119,חיפה,3771083.337,24204.64273
440677,ירושלים,3764304.562,24317.21293
278234,מג'ד אל-כרום,3750960.438,29032.20153
228130,טמרה,3743066.382,83179.25294
542027,אור יהודה,3738068.177,26436.12572
644369,אשדוד,3735150.489,24222.76582
540518,תל אביב-יפו,3718208.418,33801.89471
470849,רחובות,3702577.835,38249.77102
160580,גוש עציון,3696560.162,29715.11384
228312,כפר כנא,3695208.186,82852.20148
120329,ירושלים,3694186.401,16914.7729
338129,ביתר עילית,3687220.638,22105.63931
442343,פתח תקוה,3676646.231,23299.40577
540625,ירושלים,3661642.051,17883.47766
384305,פרדס חנה-כרכור,3649382.05,21509.128
197798,בית שמש,3648077.325,14085.24064
530741,בני ברק,3645484.764,99603.40886
540542,פתח תקוה,3632338.297,18659.27208
420745,אבו גוש,3623573.026,74867.21128
841155,כפר קמא,3618994.912,25630.27558
519314,רהט,3611382.957,18394.1407
174391,ירושלים,3604518.582,31508.02956
641316,שדות נגב עזתה,3599616.935,32546.26523
444687,ראשון לציון,3597888.701,19117.36823
442301,פתח תקוה,3592785.545,21591.25929
680082,שפיר,3591450.974,22759.51188
731687,רמת גן,3590150.03,61899.13845
240622,גולן,3584938.797,53347.30352
440503,פתח תקוה,3546435.94,15155.70915
441378,רמלה,3537132.134,28433.53806
378042,כפר קרע,3523741.953,28741.77776
228338,ירכא,3518097.838,58440.16343
770834,ירושלים,3517918.792,44343.51418
641415,ירושלים,3516438.876,26843.04485
120543,ירושלים,3516009.336,90154.08554
120006,ירושלים,3513856.223,122221.086
140525,ירושלים,3506915.582,38285.1046
620344,שדרות,3501219.581,153562.2623
270538,עמק הירדן,3496589.43,20689.87828
226803,בית שמש,3493884.187,18028.29818
714204,ירושלים,3481644.655,8893.089796
372896,נצרת,3478707.464,43702.35508
525089,בני ברק,3471782.68,85092.71274
228205,סח'נין,3469282.68,108415.0838
620385,קרית שמונה,3469056.707,198231.8118
267955,ירושלים,3455823.502,5185.809576
718965,בקעת הירדן,3442235.145,43027.93931
411777,בית שמש,3425270.67,97308.82585
384164,פרדס חנה-כרכור,3424074.648,118891.4808
520676,באר טוביה,3422702.7,20618.69097
199109,ירושלים,3416601.656,18290.15876
725689,פתח תקוה,3415443.49,117773.9134
187575,ירושלים,3415075.004,6727.886139
343996,ירושלים,3411684.943,16973.55693
442384,רעננה,3409988.881,27279.91105
442905,כפר סבא,3405930.94,71253.78535
178194,ירושלים,3403326.705,7617.114381
519124,דימונה,3399241.49,40227.70994
448142,רמלה,3394823.832,17608.00743
424556,עראבה,3374277.362,108847.6568
544478,בת ים,3370255.278,20351.78308
475616,מודיעין עילית,3370098.668,102903.7761
499624,עכו,3358067.06,25401.41498
770750,חולון,3352195.189,27121.3203
520098,הרצליה,3332970.539,31266.14014
348334,פוריידיס,3329358.99,27744.65825
770529,אבן יהודה,3326805.505,6363.438227
729053,מגדל העמק,3321132.185,36495.95808
278051,עין מאה'ל,3320997.2,30580.08471
455931,פתח תקוה,3317976.29,43888.57527
220202,עפולה,3312507.406,102237.8829
644393,באר שבע,3302656.014,19776.38332
515486,בני ברק,3292754.548,50347.92887
240697,מגדל העמק,3290894.045,33241.35399
520353,טמרה,3285603.438,49038.85729
711903,אלעד,3284842.14,16181.48837
521476,מטה בנימין,3265995.993,24014.67642
170035,ירושלים,3247540.825,29958.8637
340612,חיפה,3237528.657,24865.8115
184002,בית שמש,3230815.157,15837.3292
420638,ירושלים,3226642.484,55250.72747
442186,נתניה,3225168.02,19689.67045
338541,חדרה,3194386.598,33344.32774
460436,ירושלים,3185845.649,26682.12436
228346,ירכא,3166305.296,95948.64534
140954,מטה בנימין,3164389.897,21011.88511
711564,ביתר עילית,3163839.698,31247.79948
278044,שפרעם,3158820.117,28457.83889
620229,בית שמש,3156166.912,123771.2515
526921,בת ים,3152461.575,70577.49795
715235,אלעד,3150394.37,15831.12749
338095,ירושלים,3133327.29,20668.38582
644328,באר שבע,3126899.743,28952.77539
359034,מג'ד אל-כרום,3121731.542,88184.50684
248757,ג'דיידה-מכר,3117557.012,23230.67818
715920,קצרין,3116430.463,25268.35511
373183,ביתר עילית,3114272.641,18022.41112
228288,עראבה,3095516.335,119981.2533
421123,רעננה,3082677.172,100086.9212
729012,זבולון,3079294.915,18949.50717
611475,מטה בנימין,3068771.668,36642.04976
620377,אשקלון,3062744.841,78531.91901
120030,ירושלים,3053850.816,63621.89199
244517,מגדל העמק,3053198.504,29471.02803
544619,תל אביב-יפו,3049198.04,13361.9546
670562,קרית מלאכי,3047001.203,41854.41213
340653,חדרה,3045089.52,26571.46178
228262,כפר מנדא,3042931.325,114395.9145
228650,מג'ד אל-כרום,3038572.408,52752.9932
148189,ירושלים,3036719.57,8089.290276
197723,מבשרת ציון,3010802.455,79231.64354
620278,גבעת זאב,3009742.49,92134.97418
719591,גולן,3006057.807,62194.29945
238527,בית שמש,2998104.552,28124.80818
420059,מבואות החרמון,2979950.615,87133.0589
278275,טמרה,2976228.416,27506.73213
641407,ירושלים,2974712.886,16572.21663
627018,כסיפה,2972522.905,94067.18055
370833,קרית אתא,2970726.091,39191.63708
441568,מזכרת בתיה,2969366.929,19219.20342
660365,שדות נגב עזתה,2954639.026,26009.14636
420208,שומרון,2954499.515,75369.88558
420968,ראשון לציון,2953031.824,85347.74058
374751,פוריידיס,2949718.627,60198.33932
220509,עפולה,2934599.659,21265.21492
540476,תל אביב-יפו,2913507.599,19092.44822
144238,ירושלים,2907744.588,10026.70548
240341,מגדל העמק,2899550.02,21833.96099
641365,אשכול,2899317.062,25037.28033
620351,אשקלון,2887776.765,53084.1317
140632,ירושלים,2880904.609,19206.03073
566943,חולון,2871900.384,83243.4894
620443,ירושלים,2869075.261,114763.0104
320598,מנשה,2862330.904,63891.31482
340711,רכסים,2854126.218,36219.87586
278176,נחף,2852506.83,30540.75835
441188,רעננה,2845777.844,18218.80822
362251,מודיעין עילית,2839981.712,47650.69986
560045,בני ברק,2826370.497,20362.89983
640391,אשכול,2820082.401,26355.91029
460246,בית שמש,2818358.36,20845.84586
238519,ירושלים,2813485.273,8797.640002
724161,בני שמעון,2807983.635,21767.315
520395,תל אביב-יפו,2797189.292,25899.90086
542035,תל אביב-יפו,2796694.162,29563.36323
641308,אשדוד,2789199.49,48089.64638
725580,ירושלים,2784564.7,40949.48088
640730,ערד,2779149.176,23875.85203
620369,אשקלון,2773013.988,97641.33761
440586,פתח תקוה,2767483.334,20319.26089
132241,ירושלים,2758906.13,54523.83656
344515,חדרה,2743539.381,46658.83302
247015,עכו,2734630.264,23096.53939
420950,רעננה,2731333.806,73422.95178
460584,ירושלים,2730188.758,11375.78649
560441,ירושלים,2727794.929,31282.05194
141978,ירושלים,2720180.348,23653.74215
544163,תל אביב-יפו,2719519.645,14716.01539
670299,באר שבע,2712839.376,30311.05448
455477,בית שמש,2702948.828,23341.52701
244137,נהריה,2672695.99,80990.78758
188854,ירושלים,2655449.675,12408.64334
620393,ירושלים,2649273.613,103893.0829
442137,ראשון לציון,2629018.206,22242.1168
148064,ירושלים,2627907.842,17780.16131
442442,גן רוה,2627154.608,32676.05234
441063,שדות דן,2617290.455,28635.56296
228569,אעבלין,2602479.122,44716.13612
240721,צפת,2600177.29,22768.62776
448332,לוד,2597512.535,16629.40163
240838,נוף הגליל,2578556.923,24510.99737
716423,ירושלים,2578248.127,46594.84566
412676,ירושלים,2576759.996,4664.663281
441865,פתח תקוה,2564906.33,28754.55527
742312,ירושלים,2554720.3,9323.796715
346932,מטה בנימין,2551477.998,34110.66843
541466,תל אביב-יפו,2534428.678,23954.90244
442699,ביתר עילית,2534162.476,19954.03525
640771,באר שבע,2531233.408,22845.06686
344572,קרית מוצקין,2527997.704,24122.1155
711762,ירושלים,2499034.96,52335.81068
524157,גן יבנה,2497238.538,30830.1054
140434,ירושלים,2481562.263,23907.15089
640466,בית שאן,2480787.887,22552.61715
228445,מג'אר,2480781.66,161089.7182
360503,ירושלים,2471829.751,23631.25957
460733,אלעד,2463211.716,13549.01934
731935,נתניה,2451515.62,114023.9823
560268,מטה בנימין,2438343.68,23046.72665
373357,צפת,2435348.236,19026.1581
160457,ירושלים,2434655.774,32119.46931
732529,פתח תקוה,2432676.57,19618.35944
544627,תל אביב-יפו,2429383.222,12977.47447
140814,ירושלים,2422004.418,7397.692176
477091,ירושלים,2421132.13,24332.98623
560516,בית אל,2397858.758,23450.94139
476986,באר יעקב,2395225.049,16595.09272
729293,ערד,2394611.95,38936.77967
142034,בית שמש,2393296.072,28834.89243
713594,עמק המעיינות,2386643.51,40913.88874
733873,בני ברק,2382974.98,119148.749
442129,אלעד,2381080.81,16674.23537
141333,ירושלים,2371200.543,17282.80279
442020,נתניה,2371005.126,23428.90441
176057,ירושלים,2365193.604,33548.84545
441436,פתח תקוה,2355419.181,24741.79812
185165,ירושלים,2353054.394,14453.65107
541789,קרית אונו,2338060.477,26629.3904
442202,אלעד,2333655.525,20948.4338
560532,אלעד,2332887.36,13239.99637
482307,רחובות,2330282.081,21983.79321
548032,תל אביב-יפו,2325626.414,25114.75609
440669,בית שמש,2317110.836,11547.06397
363879,מודיעין עילית,2313818.516,7345.455605
144196,ביתר עילית,2313688.367,42375.24481
141044,ירושלים,2298476.228,7526.117315
641464,ירושלים,2297880.867,31052.44414
560094,תל אביב-יפו,2297144.564,25868.74509
328179,ירושלים,2282345.968,63752.68067
328161,חיפה,2281376.296,100060.3638
640367,באר שבע,2275493.981,18682.2166
455675,ירושלים,2271416.798,19087.53612
560359,בית שמש,2269228.408,12922.71303
640807,אשדוד,2264472.474,21566.40452
320523,חיפה,2245387.125,111157.7785
441253,ראשון לציון,2244581.832,21513.56389
440933,עמנואל,2237296.961,30647.90357
441816,יבנה,2215955.465,16561.70003
344499,חדרה,2215385.08,14256.01725
225300,כרמיאל,2215265.328,53251.57039
440693,ירושלים,2197048.174,2722.488443
140681,ירושלים,2195291.368,7351.946978
462218,חיפה,2194951.874,15349.3138
723437,צפת,2192228.485,19314.78841
338046,כפר קרע,2192172.374,51947.21266
141473,קרית יערים,2191602.54,16561.22826
460048,ביתר עילית,2191042.984,13262.97206
541797,תל אביב-יפו,2180133.79,21947.6556
440800,פתח תקוה,2171301.275,7325.57785
238048,טמרה,2166010.332,22057.1317
440768,נתניה,2162853.166,7504.695232
711770,רחובות,2152010.246,19300.54033
462200,זבולון,2150529.707,13750.18994
499756,בית שמש,2145898.226,49673.57005
518043,תל אביב-יפו,2143906.06,7208.830061
320531,קרית אתא,2143733.052,88584.01042
560482,כפר כנא,2142808.178,15849.17291
420166,רחובות,2140605.561,26757.56951
541920,חולון,2129335.064,15253.11651
347088,כפר קרע,2125356.841,25422.92872
141093,ירושלים,2119084.735,7519.818081
640896,אשקלון,2108483.646,16294.30947
640474,אשדוד,2105744.346,37380.07715
372946,משהד,2101767.476,20686.68776
176487,ירושלים,2099627.609,28683.43728
340570,חיפה,2089330.112,14409.17318
482125,נס ציונה,2084635.138,17666.39948
141929,ירושלים,2083034.833,16880.34711
733121,נצרת,2076188.15,11863.93229
661884,ירושלים,2067115.76,18622.6645
723486,זבולון,2059957.4,77734.24151
640904,נתיבות,2054846.864,19276.237
733584,עמק יזרעאל,2052742.759,22808.25288
448324,רמלה,2045338.478,14403.7921
240580,עכו,2041412.415,19896.80716
729046,ירושלים,2023472.475,11629.15216
460022,ירושלים,2022747.695,12333.82741
462929,נתיבות,2022522.2,21111.92276
718056,ירושלים,2019566.5,38837.81731
460535,ירושלים,2016088.271,7774.119298
741892,ירושלים,2009485.61,12032.84796
160358,ירושלים,2002301.561,7426.934572
530683,הרצליה,2001866.828,29701.28825
238485,ירושלים,2000975.639,8662.232202
228577,טמרה,1998067.28,81888.00328
731901,ביתר עילית,1993057.42,36908.47074
734863,מנשה,1989890.97,19701.89079
541151,בני ברק,1984735.264,7339.997277
278267,ג'דיידה-מכר,1977443.72,23653.63301
239616,ירושלים,1977383.652,15946.64236
641084,באר שבע,1971424.806,26497.64524
718189,רמת נגב,1956674.203,40482.91455
482265,שומרון,1954413.397,21015.19782
541896,בני ברק,1948403.094,7358.017725
141937,ירושלים,1939146.537,7328.596133
476903,בית שמש,1936262.145,26615.28722
460626,יפיע,1928758.12,22744.78915
441923,פתח תקוה,1928637.072,25178.02966
362574,ירושלים,1923542.728,6949.215059
560581,ירושלים,1920969.66,11785.08994
560136,רמת גן,1920794.24,16250.37428
641274,אשדוד,1916923.912,14999.40463
541805,רמת השרון,1915098.931,24615.66749
442749,קרית אתא,1913987.502,17656.71128
630905,אשדוד,1908309.146,25580.55155
240598,כרמיאל,1903917.473,19957.20622
541854,בני ברק,1895772.816,7589.162593
519363,ירכא,1892408.968,27727.60392
442269,אלעד,1891567.022,19145.4152
441022,רחובות,1885195.97,17886.10977
288134,גני תקוה,1875531.081,30746.41117
541094,ראשון לציון,1869453.578,7365.853341
711648,טבריה,1869076.305,24195.16252
560300,ביתר עילית,1856873.543,11020.02102
560573,בני ברק,1834448.542,16176.7949
541201,בני ברק,1807590.607,7556.81692
362103,מודיעין עילית,1802424.006,30549.55942
455162,הר חברון,1801838.39,23279.56576
338624,ירושלים,1799554.12,54864.45488
170282,ירושלים,1797730.721,33046.52062
441386,רחובות,1796977.184,21702.623
360529,ירושלים,1796365.572,7308.240734
360784,צפת,1794967.471,17667.00267
471995,ירושלים,1792625.418,33196.767
460477,ירושלים,1790284.906,7790.62187
328062,אום אל-פחם,1785211.124,27213.58421
725390,רהט,1779366.68,80880.30364
519223,כרמיאל,1772788.093,35995.69731
461855,ירושלים,1768475.372,18194.19107
330266,קרית ים,1767206.592,30364.37444
460550,ירושלים,1763855.936,7146.904117
430488,כפר סבא,1757322.398,26707.02732
540138,בני ברק,1748591.047,24979.8721
142331,ירושלים,1734876.952,7264.978862
741173,פתח תקוה,1731578.19,19903.19759
729574,נתניה,1719800.52,45257.90842
442251,רעננה,1717242.614,18464.97435
441113,רמלה,1698119.79,14588.65799
660332,ירושלים,1696323.313,25799.59411
644757,קרית מלאכי,1695588.632,20779.27245
476325,רמת השרון,1693798.255,12663.91218
338715,נצרת,1691147.104,20132.70362
719740,אום אל-פחם,1690914.743,130070.3649
238055,מג'אר,1668808.138,22430.2169
713743,בקעת הירדן,1665282.88,34218.14137
372953,ביתר עילית,1664028.305,19576.80359
547042,תל אביב-יפו,1658078.158,15018.82389
420448,כפר סבא,1657117.441,27618.62401
142372,ירושלים,1655530.499,28642.39618
430678,יבנה,1653223.396,31311.04917
615351,נתיבות,1648911.402,15644.3207
241067,מודיעין מכבים רעות,1642099.436,19736.77207
542084,בני ברק,1636285.85,7505.898393
521237,דרום השרון,1635454.753,17972.03026
288084,ירושלים,1630619.629,12322.06269
412197,ירושלים,1629327.278,44517.13875
729871,ירושלים,1620435.275,10420.80563
144410,ירושלים,1616439.771,7553.456872
240358,מגדל העמק,1612065.154,30301.97657
540989,בני ברק,1611592.75,7318.768166
640698,אשדוד,1597986.91,7690.023627
640409,קרית גת,1595963.387,31792.09933
267930,ירושלים,1593466.181,8832.961091
447474,עין מאה'ל,1589565.581,88309.19894
441261,כפר סבא,1588053.696,22686.48136
541086,בני ברק,1584248.496,7072.537928
471037,לוד,1571895.426,28895.13651
191031,מגילות ים המלח,1553913.038,30114.59375
460519,קרית יערים,1549454.863,7449.302225
460543,מודיעין עילית,1547237.65,19437.65892
142232,ביתר עילית,1532926.601,24027.06272
540963,בני ברק,1531592.035,7328.191555
340679,חיפה,1530837.666,7366.880009
508424,חבל יבנה,1516374.245,21740.13254
541730,תל אביב-יפו,1506150.721,19688.24472
530287,תל אביב-יפו,1505039.414,29054.81495
544700,חולון,1504031.851,27445.83669
560243,ירושלים,1501387.577,12942.99635
141614,ירושלים,1500979.655,7504.898276
176909,ירושלים,1498963.435,12147.19153
520858,תל אביב-יפו,1497705.238,45661.74507
460469,מודיעין עילית,1494030.769,17412.94603
733907,בית שמש,1490742.91,15692.03063
442533,נחל שורק,1487044.155,19362.5541
428086,טירה,1481181.252,85125.35931
620146,שפיר,1475188.548,38820.75126
541284,בני ברק,1472129.433,7244.731461
478875,ירושלים,1468534.96,21283.11536
267971,ירושלים,1468339.02,9340.57901
482166,שומרון,1468117.789,22939.34045
422592,מג'ד אל-כרום,1465711.706,35403.6644
520411,בית שמש,1463779.484,31144.24434
641381,שדות נגב עזתה,1459504.253,20327.35729
615369,בני שמעון,1459237.392,20099.68859
177295,ירושלים,1455927.486,16451.15803
141069,ירושלים,1454024.843,7604.732442
522367,קלנסווה,1451736.027,16622.9316
503631,תל אביב-יפו,1448459.96,65245.94414
239897,ירושלים,1446619.124,9179.055355
660266,חוף אשקלון,1443480.905,23132.70681
430629,רחובות,1441028.96,37921.81474
442111,אלעד,1439337.197,15644.96953
544379,בני ברק,1439086.854,7395.102023
361543,מודיעין עילית,1436649.91,7420.712344
729079,בני ברק,1430230.07,7772.989511
560250,בית שמש,1428236.88,26062.71679
360552,בית שמש,1421722.515,6881.52234
420554,טירה,1419668.589,24647.02412
144162,ירושלים,1418789.622,7016.763708
340778,קרית ביאליק,1416114.492,20703.42824
560524,מטה יהודה,1412213.318,30047.09187
344309,חיפה,1410884.832,7191.054188
620096,אשדוד,1405972.77,39942.40824
444786,בני ברק,1403162.241,7511.575167
141143,ירושלים,1401321.814,7485.693452
140921,ירושלים,1400432.775,7457.043531
338079,ירושלים,1398941.816,99924.41543
441964,מודיעין עילית,1394505.136,7232.910457
373142,טבריה,1392714.318,19505.80277
338301,ירושלים,1391273.388,12834.62536
521427,דאלית אל-כרמל,1389437.128,36325.15366
225128,מבואות החרמון,1388387.631,27438.49073
644674,מרחבים,1382683.16,7664.540799
499848,קרית גת,1377950.64,21734.23722
442087,אלעד,1377140.248,6724.317617
590349,תל אביב-יפו,1371818.457,7706.845262
634113,הר חברון,1369475.139,30983.60044
479055,תל אביב-יפו,1364858.717,10553.03131
541219,בני ברק,1359377.427,7645.542337
444505,בני ברק,1352999.84,7313.512651
734855,חיפה,1351829.75,54073.19
641357,אשדוד,1348414.287,7288.725878
560144,בני ברק,1344063.985,7622.291029
478784,ביתר עילית,1337258.702,18901.18307
460261,קצרין,1335330.012,14919.8884
362582,בית שמש,1333904.882,10637.20001
141994,ירושלים,1324160.221,28173.62173
712943,מודיעין עילית,1322944.083,13732.98356
640946,אשקלון,1320448.203,17374.31846
722058,ראשון לציון,1318124.595,7685.857697
141606,ירושלים,1315292.99,7414.278413
741280,ירושלים,1314855,27392.8125
442418,נתניה,1308514.054,25657.13831
725382,קרית מלאכי,1299649.59,33324.34846
338426,זכרון יעקב,1290261.514,16291.18074
144261,ירושלים,1289979.495,7087.799425
473017,נחל שורק,1289770.585,18478.08861
711556,ירושלים,1287586.13,7254.006366
238014,נצרת,1287267.384,28479.36689
603555,שדות דן,1285101.546,43710.93693
717769,בית שמש,1281274.077,16150.51357
131086,מטה יהודה,1277406.929,147393.1072
722066,ביתר עילית,1273310.243,16977.46991
560383,ירושלים,1269224.444,5085.03383
640680,קרית מלאכי,1250265.862,28201.48561
267724,מטה בנימין,1245168.078,21845.054
540609,בני ברק,1238851.698,7480.988516
723502,זבולון,1237150.96,51547.95667
430272,פתח תקוה,1236530.621,38641.5819
523431,ירושלים,1235372.44,61768.622
234013,עכו,1233878.67,24876.5861
740365,סח'נין,1233227.32,9342.631212
715219,ירושלים,1230817.98,43186.59579
541599,בני ברק,1227722.113,19064.00797
722074,בית שמש,1226302.89,19465.12524
476796,ביתר עילית,1221747.993,29798.73152
729111,ירושלים,1208253.945,18033.64097
641142,באר שבע,1208126.219,26263.61346
716605,אלעד,1207035.087,13613.17767
473991,טייבה,1206247.987,150780.9983
347757,ירושלים,1204806.348,9141.171081
550004,אשכול,1204509.935,28175.67099
742163,מגדל העמק,1197626.15,19633.21557
340547,זכרון יעקב,1189463.433,6758.314959
460592,ירושלים,1185056.019,10431.83115
342394,ירושלים,1183201.372,7267.821695
733956,צפת,1162734.38,18753.78032
719724,חדרה,1159632.643,26968.20101
346031,חיפה,1154747.47,9655.079182
520155,ביתר עילית,1151654.686,38646.13041
442772,אבן יהודה,1151112.999,13902.33091
338756,בית שמש,1146761.833,7351.037391
471045,ברנר,1130632.072,23752.77462
416362,פתח תקוה,1127018.082,23094.63282
544270,בני ברק,1125898.262,7189.644074
183269,בית שמש,1122676.132,7376.321496
541912,בני ברק,1120815.146,7373.783855
442038,רחובות,1119270.369,17219.54414
140442,ירושלים,1119025.381,7064.554174
731190,מודיעין עילית,1118476.12,55923.806
541391,בני ברק,1117825.211,7056.97734
160325,ירושלים,1117129.88,12012.14925
228635,נצרת,1105187.517,66311.25101
640938,אשקלון,1099831.692,12385.49203
460006,ירושלים,1099606.743,12668.28045
441154,פתח תקוה,1099446.22,6736.802817
241026,עמק יזרעאל,1096993.386,15716.23763
189092,מודיעין עילית,1094829.525,22808.94843
142315,ירושלים,1086528.532,7545.337031
140673,ירושלים,1085878.351,6846.647862
640219,אופקים,1083651.994,90304.33284
714824,חולון,1081382.68,14418.43573
331058,ירושלים,1081061.926,7004.720902
384198,חדרה,1079594.695,18144.44866
338772,שפרעם,1079236.465,16204.75173
640714,אופקים,1078361.988,7457.551785
660209,שפיר,1071327.655,12370.98909
141200,ירושלים,1067965.799,6568.055344
340646,חיפה,1067157.814,18722.06691
230276,מגדל העמק,1063543.68,27505.44
441956,נתניה,1060182.669,7497.75579
442715,נוף הגליל,1060119.857,23146.72178
361451,בני ברק,1051935.727,7254.729151
478768,בית שמש,1051687.908,15024.11296
238022,שפרעם,1050771.268,24550.73056
710756,סח'נין,1050463.77,18429.18895
359059,ירושלים,1046588.578,21895.15854
644237,ערד,1045914.358,7579.089553
165738,בית שמש,1045542.137,7489.556857
641191,אופקים,1040256.653,20238.45629
741165,זכרון יעקב,1038587.08,51929.354
140749,ירושלים,1037848.802,7217.307387
444513,נחל שורק,1032980.474,7474.533096
484006,רעננה,1030890.814,14317.92797
560565,ביתר עילית,1020911.29,19172.043
176149,תל אביב-יפו,1018959.836,21679.99651
140541,ירושלים,1018332.529,7714.640372
721928,ירושלים,1012972.16,7340.377971
722132,אלעד,1007042.203,6698.728625
362210,בני ברק,1006127.263,7985.13701
641373,אשדוד,1005090.89,7467.242869
640110,דימונה,1004426.447,18463.72146
440305,יהוד נווה אפרים,994520.137,20633.19786
141861,ירושלים,991695.8919,19071.07484
540278,בני ברק,990677.1224,7338.349055
141382,ירושלים,989185.1107,33343.31834
360768,יבנאל,986392.9611,18132.22355
560391,בית שמש,986273.982,7230.747669
541672,בני ברק,986063.3758,7369.681434
615773,אופקים,978698.07,39147.9228
442095,אלעד,973671.6506,7354.015488
366864,ירושלים,973411.4678,7812.291073
729848,פתח תקוה,966613.03,7611.12622
733691,חבל מודיעין,961314.73,12817.52973
430314,ראש העין,960092.0219,28918.43439
160366,ירושלים,957367.6636,7646.706578
541581,תל אביב-יפו,956519.4271,19681.46969
715359,ירושלים,952440.69,9818.976186
141192,ירושלים,950319.5883,7401.242899
141523,ירושלים,947820.7092,7147.969149
288126,ביתר עילית,936105.6475,7512.886417
541631,בני ברק,935062.1278,7626.934158
729095,אלעד,934359.57,11679.49462
442152,אלעד,927813.6169,7458.308817
361469,אשדוד,926061.3229,7189.917103
718924,ירושלים,923908.9833,8799.133175
361865,ירושלים,923325.5891,6074.510454
541573,בני ברק,918553.7382,7492.281715
361667,שפיר,918430.1251,7382.878819
544635,תל אביב-יפו,916405.9373,13884.93844
358648,ירושלים,915761.706,33421.96007
729004,ביתר עילית,914298.92,7463.664653
660282,נתיבות,912869.5475,12090.98738
221945,ירושלים,904164.8225,7547.285664
541334,בני ברק,903623.4449,7370.501182
544346,בני ברק,902478.8157,7325.315062
141135,ירושלים,897703.0244,7298.398572
141580,מודיעין עילית,895327.4254,7326.738342
344127,בני ברק,894369.5905,7259.493429
519603,בית שמש,894122.8875,7298.962347
344168,חדרה,888609.6596,7307.645227
455451,ירושלים,882004.4,6125.030556
230284,צפת,881554.1166,25626.57316
541839,תל אביב-יפו,879438.4316,12745.48452
620468,אשדוד,879401.0735,21985.02684
641431,מרחבים,871048.22,174209.644
460121,מודיעין עילית,868858.8397,7252.577961
340810,רכסים,868762.0242,7362.390035
362194,מודיעין עילית,862236.5925,7245.685651
560474,צפת,860453.2081,16234.96619
346635,ירושלים,853326.9813,7280.946939
741033,הערבה התיכונה,852970.01,37085.65261
715300,ירושלים,852137.1933,7496.808152
640169,אשדוד,851619.7321,7509.874181
141762,ירושלים,850704.9769,7295.926045
519736,מודיעין עילית,844660.0767,6366.784497
542050,בני ברק,844638.8007,7448.31394
714857,תל אביב-יפו,840180.7167,20004.30278
519900,ירושלים,839978.83,7477.55635
641225,אשדוד,837309.832,7344.823088
641456,מטה יהודה,836348.919,22009.18208
728691,מודיעין עילית,835194.02,7662.330459
360826,ביתר עילית,833249.3667,7386.962471
560177,ירושלים,824858.858,7737.887974
,,,
441493,נתניה,820467.3838,7486.016276
541102,בני ברק,817129.3192,7361.525398
338673,אלעד,815405.6044,7293.431166
165472,ירושלים,812225.2576,7562.618786
731174,מודיעין עילית,809521.64,9044.934525
444604,רחובות,796849.2874,7618.062021
541185,בני ברק,795228.3333,7544.860847
741710,מודיעין עילית,790113.36,21354.41514
144246,ירושלים,788739.2888,7554.97403
441485,ראשון לציון,788716.7602,7371.184674
189894,ביתר עילית,787809.8587,7084.621032
560680,ביתר עילית,785727.718,6216.200301
541748,בני ברק,784320.2908,8256.003061
544239,בני ברק,783410.1471,7019.804185
544031,תל אביב-יפו,778773.6899,18027.16875
142018,ירושלים,774996.3636,7032.634878
728857,ירושלים,772010.385,7352.479857
240788,טבריה,771477.7613,7418.055397
715318,אלעד,766454.3967,7253.51164
240424,חצור הגלילית,765514.2054,7609.485143
360545,ירושלים,763658.6964,7428.586541
729558,חיפה,760861.98,16188.55277
185140,ירושלים,760429.6393,7855.678092
728725,אשדוד,759750.72,7448.536471
360834,ביתר עילית,754228.7409,7423.511229
541243,בני ברק,752370.0418,7493.725516
541847,בני ברק,751094.778,7711.44536
244400,צפת,749587.5951,14602.35575
499566,ירושלים,748872.2073,7538.981953
560706,ירושלים,743047.925,7582.121684
362632,ביתר עילית,733113.3853,6968.758415
338434,ירושלים,732904.4863,7897.677654
384180,רכסים,729503.434,16068.35758
475848,בני ברק,725821.4875,76402.26184
361386,ירושלים,724810.1918,6649.634787
182931,ירושלים,724440.2483,7407.364502
722025,ירושלים,722089.6867,7906.09146
544189,בני ברק,721955.4106,7427.524801
442681,מודיעין עילית,718051.0972,7558.432602
560490,מודיעין עילית,717825.344,6124.789625
366898,ירושלים,717337.3111,6831.783916
160184,ירושלים,717221.0813,8339.780015
144147,ירושלים,716358.8057,7477.649329
715276,ירושלים,711493.3733,6133.563563
366971,ירושלים,710572.358,7417.247996
640722,אשדוד,710414.6059,7525.578452
364786,ירושלים,709004.38,5859.540331
740688,ביתר עילית,706986.46,11222.0073
640995,אשדוד,704164.6868,7055.758385
141796,ירושלים,697664.7067,7501.771039
540526,בני ברק,694471.3611,5529.230582
344341,חיפה,692945.7852,6714.590942
441055,פתח תקוה,690412.6064,7757.445016
442327,רחובות,690023.7601,14681.3566
340521,חדרה,688037.0503,7304.002657
733824,בית שמש,683512.69,7679.917865
660290,באר שבע,678508.45,12188.77455
141572,ירושלים,671097.973,7626.113329
729087,רחובות,664977.885,7777.519123
460741,אלעד,663324.738,7503.673507
732024,ירושלים,660431.4,7420.577528
560433,ביתר עילית,653892.648,7603.402884
141911,ירושלים,649776.2017,7300.856199
548040,תל אביב-יפו,649368.3434,17362.78993
719765,ירושלים,644954.4333,6603.62901
719799,אלעד,644499.5367,7582.34749
722140,ביתר עילית,643492.22,7570.496706
541458,בני ברק,643256.9222,7445.103266
373167,ירושלים,641456.1769,7390.04812
141416,ירושלים,637550.1206,7465.458087
522235,ירושלים,636501.7767,13639.32379
716779,בני ברק,635431.89,7625.18268
440461,ירושלים,633432.5132,7143.975712
140780,ירושלים,633374.1364,6738.022728
148130,ירושלים,633162.4349,7740.372065
541987,בני ברק,631517.4214,7447.139403
140947,ירושלים,630035.746,7360.230678
519629,ירושלים,626457.775,7118.838352
519702,ביתר עילית,624127.52,6783.994783
166488,ירושלים,623779.4155,6524.889284
475780,ירושלים,623650.005,77956.25063
770719,נתיבות,621543.4548,6845.192234
141457,ירושלים,619144.9331,7423.800157
340588,רכסים,613692.3667,7053.935249
346072,בית שמש,613215.0712,8760.215303
541722,בני ברק,611193.5776,7508.520609
370882,מודיעין עילית,608893.9661,7554.515709
499699,קרית אונו,608320.4,16712.0989
544197,בני ברק,604095.0542,7331.250658
771121,תל אביב-יפו,604067.7292,7420.979475
521898,אריאל,603213.3233,15335.93195
284307,ירושלים,602877.4722,7554.855542
442145,באר יעקב,602706.1542,7440.816719
640748,אשדוד,598833.7006,6224.882542
140798,ירושלים,598278.1828,7331.840476
541144,בני ברק,592043.4673,7437.732002
288159,ירושלים,589430.7742,6885.873531
460386,מודיעין עילית,588181.1268,7483.220442
244418,טבריה,587770.1068,7440.127934
442764,ירושלים,586650.8413,7260.530214
362202,ירושלים,584496.7976,7532.175226
373209,ירושלים,584439.0632,7454.579887
710418,ירושלים,584301.95,10433.96339
360560,ירושלים,583688.0778,7351.235237
141713,ירושלים,583041.2936,7269.841566
360578,ירושלים,581242.9907,7451.833214
741348,ביתר עילית,580786.05,22337.925
729863,אלעד,580596.25,7589.493464
160523,ירושלים,576312.4191,7623.180146
460311,ירושלים,572598.5001,7104.199753
444471,רחובות,570131.9759,7442.976186
541409,בני ברק,568879.3553,7564.885044
160127,ירושלים,568249.0986,7731.280254
373159,ירושלים,567343.3432,6280.553614
641092,חוף אשקלון,567246.2327,7386.018655
729178,ירושלים,566997.915,7767.094726
519637,ביתר עילית,564830.2333,7431.976754
140996,ירושלים,564821.1386,7412.350901
728717,בית שמש,563088.21,7507.8428
234054,מודיעין עילית,559481.7234,7560.56383
440644,ביתר עילית,558118.7163,7267.170785
362640,מודיעין עילית,552350.1048,7779.578941
541441,בני ברק,551491.6166,7575.434294
520007,תל אביב-יפו,550485.3485,17420.42242
560110,תל אביב-יפו,550365.3557,13166.6353
240648,מגדל העמק,549790.7,7449.738482
660217,נתיבות,546965.7991,8262.32325
244509,טבריה,545233.1459,7289.21318
499590,מודיעין עילית,541930.258,7423.702164
346445,בית שמש,539695.223,7352.795953
644252,אשדוד,537017.7793,7396.939109
343970,ירושלים,536787.1524,9006.495846
340604,חיפה,536173.2393,18113.96079
560169,בני ברק,532805.586,6830.840846
728980,בית שמש,532092.23,7601.317571
541318,בני ברק,527823.3309,7230.456588
739045,פרדס חנה-כרכור,523906.31,26195.3155
718932,אלעד,523757.895,7702.321985
660001,רהט,523729.8724,12323.05582
733451,מודיעין עילית,523366.29,7585.018696
141267,ירושלים,518887.3914,7541.967899
144071,ירושלים,518149.3939,5656.652772
544361,בני ברק,518131.2729,7380.787364
641217,אשדוד,517794.2706,7171.665798
540690,תל אביב-יפו,517272.7873,26871.31363
140582,ירושלים,516875.5496,7512.726011
499939,ביתר עילית,516485.9625,7512.523091
361550,אלעד,515279.9782,6963.242949
540971,בני ברק,515249.9703,7599.557085
460451,ירושלים,512842.5692,7202.845073
342329,מודיעין עילית,512094.6886,7132.238003
440008,בני ברק,507438.5412,7506.487295
560367,ירושלים,506239.8033,6408.098776
872531,חיפה,503299.1633,21569.96414
544247,בני ברק,501547.0419,7692.439293
234047,מודיעין עילית,500592.7026,7797.394121
722512,בית שמש,499091.905,14679.17368
344531,קרית אתא,498037.5264,7433.395917
370825,חדרה,497581.22,9447.744684
242610,אלעד,496921.5322,7692.283781
729020,ביתר עילית,496891.55,7098.450714
142158,ירושלים,496595.0285,7217.950996
560318,בית שמש,494503.3441,6792.628353
722017,מטה בנימין,493246.1,8887.317117
141085,ירושלים,492905.8448,6550.243784
141242,ירושלים,492893.6187,7490.784479
362475,בני ברק,491482.4484,7446.703763
346098,ירושלים,490879.3974,7528.825113
244236,כרמיאל,490877.4147,7437.536586
357491,חדרה,487292.8988,14546.05668
214601,גולן,484615.7225,12554.81146
519546,יבנאל,483061.1567,7667.637407
141358,הר חברון,480405.0755,7529.860118
190108,מודיעין עילית,479660.0206,7736.451945
440776,ירושלים,477042.0833,7492.807592
713685,מצפה רמון,476237.0133,6739.203019
560607,בני ברק,476215.3221,5893.753986
541078,בני ברק,475239.6917,11052.08585
368084,ירושלים,475135.5138,8998.778671
499814,ירושלים,474414.8201,5915.396759
721969,אור עקיבא,473979.69,7523.487143
168393,ירושלים,473557.5174,6522.830818
460717,בית שמש,473419.9284,7305.863093
644260,אשדוד,471518.324,7209.760305
460360,פתח תקוה,468288.4634,7528.753431
144170,ירושלים,467663.6093,6336.905275
441345,רחובות,467580.1789,7715.844536
560557,מודיעין עילית,466396.122,6388.987973
732081,ירושלים,463292.94,7182.836279
722124,אלעד,462392.2533,7378.599787
734954,ירושלים,461409.33,21971.87286
727099,ירושלים,460212.625,7734.665966
499905,ירושלים,453939.73,3095.043614
804237,בית שמש,452690.9467,6287.374259
460147,ירושלים,452366.4586,7564.656498
519579,רכסים,451586.3625,7254.399398
728808,רכסים,451356.705,7650.113644
541177,בני ברק,450323.683,7334.261938
728832,ירושלים,449192.02,7613.424068
442863,ירושלים,446157.8996,7059.460437
240747,נהריה,443008.4474,7508.617753
610451,מרחבים,442799.5053,7056.565822
167262,ירושלים,442677.0405,6789.525162
366856,בית שמש,441411.0415,11128.00945
476549,ירושלים,438970.4333,7196.236612
140574,ירושלים,437914.5335,7155.466234
160556,ירושלים,437877.0737,7062.533447
344119,בני ברק,437385.2865,6413.273996
740753,באר יעקב,437292.76,10411.73238
362244,מודיעין עילית,436439.572,7039.347936
141234,ירושלים,434835.4793,7247.257988
641159,נתיבות,431753.8821,7878.720476
499772,בני ברק,430023.3781,6782.703124
719575,מודיעין עילית,426822.2833,7807.724695
541771,בני ברק,424175.3635,7415.653208
338277,ירושלים,422602.1582,6582.588135
460329,ירושלים,421280.8744,8024.397608
508275,קרית גת,420898.424,7307.264306
544254,בני ברק,419871.3954,7689.952297
234039,ירושלים,419851.2564,7365.811515
240770,צפת,417534.6932,7536.727313
541623,בני ברק,413672.0446,6917.592718
742544,אלעד,412748.37,10318.70925
733527,מטה יהודה,412555.67,7237.818772
160515,ירושלים,411802.3013,10167.95806
460485,ירושלים,411421.7105,6329.564777
499863,נתיבות,409377.41,7277.820622
372938,ירושלים,407042.9283,7172.562612
540708,בני ברק,405404.2242,6434.987685
440222,נחל שורק,396175.7686,6348.970651
724062,מודיעין עילית,394749.465,7519.037429
361261,ירושלים,393878.6981,7545.568929
190116,ירושלים,393251.2187,6665.274894
440636,ירושלים,390284.5839,7774.593305
384115,אור עקיבא,387216.9167,6833.239706
519926,בית שמש,383514.6467,6889.484671
724377,בני ברק,383196.3,6904.437838
197715,ירושלים,382488.55,7968.511458
560664,בני ברק,382363.9275,7571.562921
728774,פתח תקוה,380188.3,6389.719328
735845,בני ברק,379607.79,8076.761489
541540,בני ברק,377794.6731,6674.817545
240614,טבריה,377400.2999,7400.00588
362236,אשדוד,377110.0551,7088.534871
544387,פתח תקוה,372117.5174,7532.743268
660043,אשקלון,371268.1145,7485.244244
460683,בית שמש,370539.8713,13233.56683
361477,ירושלים,367490.8885,6609.548354
519405,בני ברק,366238.37,7629.966042
176156,ירושלים,363858.9314,11195.65943
615344,שדרות,362726.4388,13951.01688
499988,מודיעין עילית,360886.06,7290.627475
,,,
442335,רחובות,358310.1418,7527.523986
729566,שדות נגב עזתה,353266.33,7209.516939
729038,בית שמש,352611.1,7346.064583
560227,ירושלים,351881.125,7218.074359
362160,בית שמש,351484.8864,7100.704776
541763,בת ים,347229.9056,11574.33019
519595,אשדוד,347081.0525,7384.703245
346510,מטה יהודה,345329.6815,6188.70397
190090,ביתר עילית,344072.0927,8001.676574
519918,בית שמש,343554.6833,7157.389236
142216,בית שמש,341052.5433,7894.734799
163824,ירושלים,339139.3173,6521.909947
142083,ירושלים,338385.1045,6609.084073
542019,בת ים,337290.3883,6665.81795
715409,ביתר עילית,336474.2033,7422.225074
739078,רכסים,331028.74,6755.688571
440651,ביתר עילית,330564.2174,7411.753753
141630,ירושלים,327743.4284,7448.714282
728733,בית שמש,327253.595,6747.496804
144360,קרית יערים,324210.298,7539.774373
519959,נתניה,322968.895,7424.572299
722033,ירושלים,318643.5467,5195.275217
641019,באר שבע,315491.7441,7337.017306
560102,בת ים,314341.5234,7048.01622
718999,יבנה,310543.245,23887.94192
442756,פתח תקוה,304693.5548,7342.013368
346502,בית שמש,303302.9087,6680.680809
729210,ירושלים,296418.1,5700.348077
734301,אשדוד,294578.84,11783.1536
346478,ירושלים,294212.0637,7118.0338
560375,מודיעין עילית,293607.8335,6775.565388
739185,בית שמש,293403.29,7335.08225
519660,חיפה,293368.405,7427.048228
441774,שדות דן,292059.5988,7936.402142
660308,באר שבע,282705.2,6929.04902
460162,כרמיאל,280917.1252,8213.95103
344226,חיפה,279348.5425,6715.109196
728816,בני ברק,278209.18,7418.911467
722009,אשדוד,274093.36,7475.273455
719047,ירושלים,272219.915,4355.51864
740381,נחל שורק,271245.5,6781.1375
213033,צפת,269071.6013,7432.917163
456939,ירושלים,268212.632,6606.222463
560698,ירושלים,266525.8767,3331.573458
640854,דימונה,264431.2972,7512.252762
499632,ירושלים,263122.93,7308.970278
338160,ירושלים,261784.6655,7654.522382
641100,נתיבות,260112.3315,7327.107929
740779,ירושלים,258139.26,14341.07
141259,ירושלים,257887.3274,7033.290747
715797,אלעד,254921.29,7571.919505
521112,חדרה,253759.0175,6189.244329
144188,ירושלים,249605.3861,7131.582459
731786,אופקים,249127.86,13111.99263
541359,בני ברק,247303.0227,7015.688587
460709,ירושלים,245637.5381,6823.264947
247411,ירושלים,239548.0951,8375.807521
460675,ירושלים,238908.5529,8238.225963
441675,נחל שורק,238699.6518,6952.417042
440230,יבנה,236892.1982,7741.575105
340802,חיפה,236232.2575,6598.666411
660050,אופקים,233232.128,8042.487172
141481,ירושלים,230812.5147,6483.497604
728865,ירושלים,229417.11,6037.292368
641282,פתח תקוה,227607.7049,4991.397038
742379,בני ברק,224991.64,4166.511852
361881,מטה יהודה,219038.6003,6519.005962
248799,סח'נין,214487.5813,10724.37907
727271,ירושלים,210197.05,6780.55
171017,ירושלים,205965.3316,27100.70153
610691,רמת נגב,202960,6547.096775
741157,תל אביב-יפו,197007.67,10944.87056
742189,רחובות,189855.15,9040.721429
722116,אלעד,183581.49,7246.637763
724864,ביתר עילית,176459.79,14116.7832
338111,ירושלים,175256.1882,6490.969934
331033,ירושלים,173159.0545,6659.963634
519686,בית שמש,171964.17,6699.902727
540047,רמת גן,167382.591,6695.303641
720987,צפת,162727.48,5811.695714
560649,טבריה,155416.69,6613.47617
728873,ירושלים,151723.41,4597.679091
473215,ראשון לציון,150396.755,5013.225167
366880,ירושלים,144876.0781,7873.699898
734061,חצור הגלילית,139283.12,6632.529524
739052,פתח תקוה,133620.99,7032.683684
660118,רהט,133174.44,7398.58
560235,ירושלים,121793.7484,4971.173404
441105,חבל מודיעין,120048.2286,24009.64573
736256,מטה בנימין,119483.09,7467.693125
736975,בני ברק,119483.09,7467.693125
544205,בני ברק,111038.5173,8541.424407
739029,קרית גת,106318.15,4089.159615
660316,נתיבות,105408.77,3634.785172
442707,ירושלים,92827.09333,7140.545641
141788,ירושלים,91541.10116,8321.918287
499822,אלעד,86053.77333,1633.932405
540716,תל אביב-יפו,81198.21608,5970.457064
739011,בית שמש,78326.21,1566.5242
444711,באר יעקב,75524.69644,7706.601678
900076,חבל מודיעין,69783.16551,373.971948
,,,
540096,בני ברק,64804.78031,8452.797432
508283,ירושלים,59889.65,7486.20625
454330,ביתר עילית,56795.2488,2641.639479
900126,ראשון לציון,28007.99429,149.2963448
410159,ראשון לציון,27565.19958,7875.771309
366872,ירושלים,24102.67019,24102.67019
,,,
530006,ירושלים,22461.335,898.4534
521187,ירושלים,20647.68,503.6019512
660241,קרית מלאכי,20121.105,649.0679032
142323,ירושלים,17112.83077,566.6500256
560672,ירושלים,14262.105,432.185
378125,ירושלים,7011.210276,49.51419686
,,,
363150,ירושלים,1100.19574,22.45297428
961011,מטה יהודה,967.9066667,22.33630769
166538,ירושלים,572.6,16.84117647
